{"type": "Topology", "objects": {"data": {"geometries": [{"properties": {"shapeName": "Selangor", "shapeISO": "MY-10", "shapeID": "15666254B89722251658211", "shapeGroup": "MYS", "shapeType": "ADM1"}, "type": "MultiPolygon", "arcs": [[[0]], [[1]], [[2]], [[3]], [[4]], [[5]], [[-94, -28, 6, -116], [23], [83]]], "id": "feature_00"}, {"properties": {"shapeName": "Johor", "shapeISO": "MY-01", "shapeID": "15666254B42356713390762", "shapeGroup": "MYS", "shapeType": "ADM1"}, "type": "MultiPolygon", "arcs": [[[7]], [[8]], [[9]], [[10]], [[11]], [[12]], [[13]], [[14]], [[15]], [[16]], [[17]], [[-26, -29, -98, 18]], [[19]], [[20]], [[21]], [[22]]], "id": "feature_01"}, {"properties": {"shapeName": "Kuala Lumpur", "shapeISO": "MY-14", "shapeID": "15666254B97003483933575", "shapeGroup": "MYS", "shapeType": "ADM1"}, "type": "Polygon", "arcs": [[23]], "id": "feature_02"}, {"properties": {"shapeName": "Malacca", "shapeISO": "MY-04", "shapeID": "15666254B45695250728659", "shapeGroup": "MYS", "shapeType": "ADM1"}, "type": "MultiPolygon", "arcs": [[[24]], [[25, 26, -30]]], "id": "feature_03"}, {"properties": {"shapeName": "Negeri Sembilan", "shapeISO": "MY-05", "shapeID": "15666254B60207109163985", "shapeGroup": "MYS", "shapeType": "ADM1"}, "type": "Polygon", "arcs": [[27, -99, 28, 29, 30]], "id": "feature_04"}, {"properties": {"shapeName": "Sabah", "shapeISO": "MY-12", "shapeID": "15666254B50935235229272", "shapeGroup": "MYS", "shapeType": "ADM1"}, "type": "MultiPolygon", "arcs": [[[31]], [[32]], [[33]], [[34]], [[35]], [[36]], [[37]], [[38]], [[39]], [[40]], [[41]], [[42]], [[43]], [[44]], [[45]], [[46]], [[47]], [[48]], [[49]], [[50]], [[51]], [[52]], [[53]], [[54]], [[55]], [[56]], [[57]], [[58]], [[59]], [[60]], [[61]], [[62]], [[63]], [[64]], [[-81, 65]], [[66]], [[67]], [[68]], [[69]], [[70]], [[71]], [[72]], [[73]], [[74]], [[75]], [[76]]], "id": "feature_05"}, {"properties": {"shapeName": "Sarawak", "shapeISO": "MY-13", "shapeID": "15666254B8535925993004", "shapeGroup": "MYS", "shapeType": "ADM1"}, "type": "MultiPolygon", "arcs": [[[77]], [[78]], [[79]], [[80, 81]]], "id": "feature_06"}, {"properties": {"shapeName": "Kelantan", "shapeISO": "MY-03", "shapeID": "15666254B53975248776023", "shapeGroup": "MYS", "shapeType": "ADM1"}, "type": "Polygon", "arcs": [[82, -90, -95, -120]], "id": "feature_07"}, {"properties": {"shapeName": "Putrajaya", "shapeISO": "MY-16", "shapeID": "15666254B54729125478011", "shapeGroup": "MYS", "shapeType": "ADM1"}, "type": "Polygon", "arcs": [[83]], "id": "feature_08"}, {"properties": {"shapeName": "Terengganu", "shapeISO": "MY-11", "shapeID": "15666254B71460903090065", "shapeGroup": "MYS", "shapeType": "ADM1"}, "type": "MultiPolygon", "arcs": [[[84]], [[85]], [[86]], [[87]], [[88]], [[89, 90, -96]], [[91]], [[92]]], "id": "feature_09"}, {"properties": {"shapeName": "Pahang", "shapeISO": "MY-06", "shapeID": "15666254B34720353032971", "shapeGroup": "MYS", "shapeType": "ADM1"}, "type": "Polygon", "arcs": [[93, -121, 94, 95, 96, 97, 98]], "id": "feature_10"}, {"properties": {"shapeName": "Kedah", "shapeISO": "MY-02", "shapeID": "15666254B71428205180864", "shapeGroup": "MYS", "shapeType": "ADM1"}, "type": "MultiPolygon", "arcs": [[[99]], [[100]], [[101]], [[102]], [[103]], [[104]], [[105]], [[106]], [[107]], [[-118, -122, 108, -111, 109]]], "id": "feature_11"}, {"properties": {"shapeName": "Perlis", "shapeISO": "MY-09", "shapeID": "15666254B44964481844598", "shapeGroup": "MYS", "shapeType": "ADM1"}, "type": "Polygon", "arcs": [[110, 111]], "id": "feature_12"}, {"properties": {"shapeName": "Perak", "shapeISO": "MY-08", "shapeID": "15666254B15173108486297", "shapeGroup": "MYS", "shapeType": "ADM1"}, "type": "MultiPolygon", "arcs": [[[112]], [[113]], [[114]], [[115, 116, -123, 117, 118, 119, 120]]], "id": "feature_13"}, {"properties": {"shapeName": "Penang", "shapeISO": "MY-07", "shapeID": "15666254B92074897121205", "shapeGroup": "MYS", "shapeType": "ADM1"}, "type": "MultiPolygon", "arcs": [[[121, 122, 123]], [[124]], [[125]]], "id": "feature_14"}, {"properties": {"shapeName": "Labuan", "shapeISO": "MY-15", "shapeID": "15666254B4265207353082", "shapeGroup": "MYS", "shapeType": "ADM1"}, "type": "MultiPolygon", "arcs": [[[126]], [[127]], [[128]]], "id": "feature_15"}], "type": "GeometryCollection"}}, "bbox": [99.64049690000013, 0.853821, 119.26905670000008, 7.3628175], "transform": {"scale": [1.9628579428579376e-05, 6.50900300900301e-06], "translate": [99.64049690000013, 0.853821]}, "arcs": [[[81993, 315547], [-736, -559], [-57, 435], [59, 947], [-58, 1408], [66, 30], [-126, 259], [-59, 477], [-33, 655], [85, 907], [-8, 139], [-53, -253], [-103, 1406], [348, 1443], [868, 1678], [101, -252], [142, -2108], [48, -4342], [-177, -1872], [-307, -398]], [[84869, 326415], [-623, -4349], [-928, -4722], [-197, -439], [-312, 59], [-86, 178], [-45, 2428], [45, 2357], [758, 1622], [177, 1378], [396, 1035], [266, 177], [346, 582], [203, -306]], [[83471, 314145], [400, 2161], [181, 1938], [-48, 73], [973, 5118], [48, -181], [346, 1618], [537, 1505], [204, 273], [461, 1221], [752, 1130], [952, -468], [783, 85], [82, -204], [-130, -736], [-542, -770], [-315, -999], [-369, -1890], [-297, -2800], [-423, -2012], [-512, -381], [-127, -373], [-75, -1084], [129, -873], [478, -1736], [64, -608], [-58, -303], [-317, -142], [-554, 2287], [-475, 632], [-508, -751], [-536, -2239], [-33, 96], [-463, -1355], [-180, 43], [-101, -499], [-562, 1498], [-29, 250], [264, 476]], [[82003, 328691], [-514, -1299], [-1302, -4853], [-579, -603], [-155, 40], [-80, 403], [29, 547], [796, 3306], [16, 421], [202, 943], [-51, 278], [57, 30], [-55, 319], [40, 581], [117, 376], [8, 749], [117, 456], [1118, 1625], [733, 233], [131, -1061], [-7, -1037], [-621, -1454]], [[82003, 332683], [-378, -339], [-1310, -1914], [-200, -37], [-88, 390], [-86, 0], [211, 1783], [679, 2640], [119, 162], [253, 1234], [76, 20], [232, 858], [319, 565], [655, 666], [445, -153], [91, -614], [449, -1302], [76, -391], [-46, -339], [-359, -1483], [-343, -508], [-352, -1150], [17, 431], [-57, -434], [-83, -53], [62, 431], [-141, -476], [71, 281], [-86, 245], [62, -218], [-74, -292], [-214, -3]], [[83321, 329469], [327, 1696], [657, 5306], [234, 540], [95, 1855], [71, 0], [64, 581], [440, 612], [416, 275], [671, -703], [189, -1539], [-189, -2966], [135, -2600], [-95, -91], [119, -1223], [-104, -287], [-28, -1556], [-317, -686], [-308, -234], [12, -283], [-360, -736], [-117, -50], [-120, 254], [-1105, -1610], [-362, -981], [-180, -1404], [-456, -840], [-327, -322], [-81, 204], [-30, 721], [162, 3222], [587, 2845]], [[105558, 267554], [-813, -149], [-485, 973], [66, 166], [-77, 1051], [-122, -12], [24, 211], [-667, 1050], [-433, 262], [-1992, 2067], [-812, 214], [-16, 207], [-319, 243], [-576, 1318], [-781, 1299], [-147, -75], [-357, 398], [-70, -278], [-412, 663], [-8, -212], [0, 217], [-570, 317], [-1528, 2332], [-92, -101], [-348, 350], [-298, 806], [-1009, 973], [-882, 2970], [-1146, 7293], [-347, 1183], [-284, 1826], [-105, -61], [-182, 847], [-719, 1774], [-130, 1245], [322, 363], [-103, 418], [-1152, 184], [-774, 751], [-519, 171], [-361, 618], [-64, 577], [-125, -338], [-129, 33], [-147, 561], [-1029, 1639], [-89, 71], [18, -218], [-653, 293], [-909, 728], [-312, 3374], [59, 224], [-99, 1596], [58, 795], [80, 374], [244, 276], [81, 404], [419, 898], [848, 3326], [77, -23], [935, -2783], [276, -92], [232, 483], [84, 601], [-21, 956], [-115, 671], [-507, 1615], [-13, 289], [963, 568], [298, 2099], [289, 3178], [366, 1331], [663, 1549], [217, 1079], [-49, 1519], [-104, 559], [-202, 414], [-1153, -186], [-344, 2703], [-48, -581], [-2, 4372], [87, 12], [7, 923], [152, 905], [36, 1274], [-104, 1488], [-171, 376], [-990, 3744], [-387, 1032], [-18, 378], [-212, 300], [-299, -18], [-62, 229], [-75, 1098], [-199, 1234], [84, 342], [-150, 1314], [-227, 3820], [42, 1078], [-53, 335], [90, -130], [-33, 225], [59, 152], [-74, 68], [-31, 493], [-115, 7176], [-348, 2654], [119, 746], [-48, 1049], [-224, 376], [-731, 3486], [-644, 2342], [-658, 2189], [-414, 804], [-847, 2811], [-973, 1560], [-500, 164], [-82, -217], [97, -203], [-88, 82], [-402, 1113], [-552, 3545], [-243, 3055], [-136, 602], [-198, 0], [-370, 648], [-332, 2119], [-589, 2636], [-617, 2016], [22, 422], [-66, 199], [-123, 283], [-263, 116], [-275, 1623], [-762, 3238], [-296, 1604], [-103, 1374], [-211, 886], [-412, 3675], [-154, 643], [-527, 3845], [-54, 881], [-224, 686], [-417, 2804], [-32, 768], [-167, 457], [19, 177], [-55, -109], [-142, 454], [-565, 2449], [-15, 525], [-261, 385], [-224, 1168], [-185, 220], [-354, 963], [92, 317], [-91, -162], [-1178, 2842], [-722, 1116], [-151, 1001], [-551, -55], [-824, 713], [-330, -49], [-220, 276], [-85, 545], [-1, 1063], [-163, 619], [-71, -162], [-41, 813], [-131, 162], [-89, 456], [-117, 2011], [-166, 355], [-285, 1797], [-1073, 3749], [-1076, 2231], [-215, 730], [-719, 839], [-563, 371], [-306, 139], [-655, -228], [-208, 167], [-440, 1094], [-218, 2751], [493, 6706], [598, -220], [19, 750]], [[225279, 209574], [-108, 539], [-436, 855], [132, 614], [358, 107], [47, 508], [226, -610], [-38, -549], [92, -559], [160, -570], [184, -120], [-18, -337], [105, -464], [202, -49], [53, -619], [291, -1044], [22, -606], [134, -167], [3, -383], [-540, 809], [-416, -735], [181, 1456], [-50, 1335], [-491, 814], [-93, -225]], [[226801, 224576], [1329, 79], [542, -474], [298, -633], [367, -1713], [53, -1106], [-149, -264], [-228, 0], [0, -659], [-332, -474], [-874, 685], [-267, 876], [-466, 534], [-151, 1094], [-8, 1423], [-114, 632]], [[192572, 73408], [-3, 789], [-80, 128], [5, 243], [295, -335], [644, -1464], [100, -722], [-85, -1156], [-561, -957], [-292, -159], [-133, 1140], [152, 2144], [-42, 349]], [[184269, 93447], [-81, 275], [-246, -31], [-127, 225], [21, 487], [307, 644], [186, 81], [92, -194], [124, 188], [160, -469], [-214, -125], [-83, -400], [23, -331], [-162, -350]], [[225289, 92412], [-404, -371], [-290, 327], [-262, 565], [-191, 1051], [248, 410], [200, 898], [171, 202], [-31, 390], [181, 501], [74, 679], [145, 36], [213, 521], [157, -594], [98, 696], [192, -349], [-123, -301], [1, -358], [269, -83], [-188, -731], [115, -984], [-207, 354], [-112, -95], [18, -579], [180, -586], [-215, -213], [-239, -1386]], [[222462, 104965], [170, 186], [248, -1262], [-10, -837], [-332, -939], [-113, -174], [-93, 123], [20, -291], [-94, -60], [-158, 716], [119, 802], [-5, 634], [274, 301], [-26, 801]], [[248043, 248160], [148, 53], [-17, 368], [87, 27], [446, -922], [158, -1107], [795, -869], [-52, -2530], [-271, -1133], [-359, -606], [-393, 105], [-105, 1239], [-175, 843], [-105, 316], [-402, 0], [-53, 316], [18, 1212], [-35, 422], [-123, 316], [-17, 474], [455, 1476]], [[247632, 249899], [87, -79], [17, -527], [289, 53], [123, 448], [52, 0], [0, -317], [-44, -316], [-358, -790], [-534, 105], [-9, 343], [377, 1080]], [[237933, 267288], [542, 527], [350, -422], [577, -1633], [297, -1159], [35, -1001], [-297, -1318], [-385, 158], [-262, 896], [-385, 738], [-157, 1264], [-175, 317], [-123, 632], [-17, 1001]], [[227394, 315404], [-177, -74], [-171, 611], [42, 181], [358, -79], [-27, 570], [-196, 599], [76, 211], [134, -142], [-5, -359], [112, -326], [102, -59], [157, 290], [129, -415], [-34, -267], [-143, -158], [-9, -340], [-348, -243]], [[220860, 245765], [-138, 625], [103, 203], [212, -119], [-26, -447], [373, -1125], [-19, -403], [86, -417], [114, -95], [-12, -482], [420, -1696], [-236, -711], [-123, 371], [-471, 419], [-250, 810], [-109, 2563], [76, 504]], [[203465, 278133], [689, -713], [286, -89], [391, 385], [32, 201], [-83, -18], [56, 638], [1543, -2985], [898, -1004], [656, -1178], [930, -50], [200, 294], [154, 340], [94, 566], [-48, 1128], [333, 77], [-8, 274], [70, 68], [275, -1006], [173, 55], [-88, -486], [76, -392], [-69, -499], [171, -703], [-266, -283], [-29, -359], [86, -167], [-223, -205], [186, -1335], [211, -484], [639, -628], [124, 1704], [264, -223], [21, -283], [140, -268], [-351, 342], [-92, -454], [-2, -1124], [148, -849], [480, -1357], [834, -1851], [187, -143], [62, 425], [35, -209], [138, 104], [-3, 920], [87, -384], [234, -250], [-11, -708], [-77, 48], [-42, -326], [-89, 289], [-140, -275], [-81, -1332], [83, 99], [71, -344], [120, -1525], [410, -1422], [13, -166], [-294, 163], [-28, -1166], [114, -832], [191, -608], [9, -622], [402, -1774], [508, -1301], [-152, -519], [-100, 145], [-54, -183], [-248, 410], [-267, -288], [-130, -485], [-392, -535], [-123, -944], [193, -1665], [404, -1404], [-1, -1696], [525, -3803], [167, -56], [276, -775], [247, 96], [239, -1900], [359, -1439], [282, -1846], [506, -1838], [90, 313], [457, -1463], [1015, -4101], [358, -475], [179, -703], [114, 80], [332, -552], [143, 42], [33, 416], [129, 171], [26, -400], [125, -107], [-40, -368], [491, -2081], [178, -175], [179, -849], [171, -181], [130, -579], [64, -482], [-251, 164], [-121, -119], [-69, -378], [-17, -749], [-91, -111], [42, -1105], [1120, -5198], [337, -638], [69, -1446], [-81, -96], [-151, 608], [-356, 237], [-451, -511], [-140, -431], [-118, -800], [128, -2381], [-113, -882], [189, -2025], [704, -3225], [977, -3589], [552, -1881], [46, 427], [97, -10], [-75, -606], [588, -2852], [606, -4877], [699, -4121], [185, -881], [511, -1196], [-76, -273], [0, -587], [337, -1667], [387, -1616], [358, -765], [648, -3294], [156, -608], [143, -136], [80, -399], [45, -1311], [915, -3692], [209, -1888], [-90, -860], [654, -3147], [-7, -860], [-125, -125], [-139, 776], [-199, 66], [-335, -76], [-289, -633], [-242, -3135], [76, -2217], [147, -1240], [821, -3737], [487, -1154], [605, -272], [209, 251], [105, 378], [14, 461], [-91, 672], [369, -672], [160, -755], [-181, -587], [77, -986], [-84, -944], [70, -525], [139, -440], [136, -1264], [336, -1528], [789, -2807], [601, -4247], [38, -549], [-72, -934], [151, -1780], [1007, -4080], [2, -275], [-237, -504], [-75, -530], [40, -1106], [894, -4090], [494, -1859], [277, -504], [74, -849], [-166, -846], [-67, 56], [-51, -1072], [347, -1829], [461, -1454], [71, -526], [158, -138], [-140, -619], [-111, 19], [-94, -709], [-92, 163], [-77, -393], [-42, -860], [62, -564], [288, -1317], [184, -74], [-48, -623], [-107, 363], [-200, -537], [-117, -2030], [189, -1268], [446, -1971], [543, -1496], [139, -1085], [110, -40], [-34, -200], [179, -1582], [-19, -742], [-129, -575], [-113, 462], [-215, -386], [-144, -1111], [-2, -1065], [285, -2691], [822, -4188], [-28, -849], [77, -991], [-393, 550], [-428, -776], [-168, -802], [-96, -2975], [237, -3875], [102, -604], [116, 60], [17, -262], [-59, -421], [36, -907], [-203, -72], [-256, -855], [-229, 141], [-420, -906], [-456, 39], [22, 1034], [-242, 514], [-252, -148], [-363, -743], [-271, -1282], [-239, -505], [-47, -411], [62, -194], [-176, -129], [-161, 495], [-205, -65], [-742, -1970], [-68, 101], [36, 304], [-181, 367], [48, 136], [-62, 353], [-217, 155], [-180, -134], [4, 369], [-192, 214], [-307, -172], [-14, -443], [306, -118], [-63, -935], [-1083, 513], [-261, 828], [-386, -204], [-431, -652], [-221, 79], [-71, 106], [14, 532], [-262, 764], [29, 328], [-66, 226], [-1005, 1187], [-114, 331], [-750, 627], [-255, 18], [226, 933], [-7, 393], [124, 7], [94, 543], [523, 1305], [262, 251], [23, 423], [-499, 2793], [-14, 794], [-388, 929], [-155, 864], [-345, 725], [118, 208], [-153, -45], [-608, 1161], [-691, 613], [56, 696], [269, 726], [156, 1090], [459, 308], [49, 754], [-265, 1000], [25, 456], [126, 250], [-14, 446], [-75, 150], [-171, -150], [-26, 212], [144, 442], [-185, 442], [-139, -113], [-2, -596], [-106, 538], [-196, 65], [-111, 644], [19, 702], [-138, 320], [-637, -776], [-180, 12], [-122, 1920], [-120, 13], [-55, 284], [-30, 1997], [-239, 1318], [-13, 785], [205, 1613], [9, 1136], [-548, 1972], [-111, 1385], [-614, 2167], [-957, 1944], [-663, 2469], [-57, 568], [-416, 49], [-174, -1255], [9, -1999], [104, -461], [30, -884], [345, -1447], [287, -508], [78, -652], [125, 330], [27, -221], [96, -23], [82, 526], [199, -351], [-13, -568], [441, -1199], [-154, -350], [410, -1004], [16, -427], [237, -757], [-148, -1027], [122, -732], [-116, -167], [-37, -385], [-61, 38], [85, -239], [-39, -408], [-347, 58], [-20, 803], [-93, 227], [-280, -433], [-444, 1013], [-213, -171], [-207, -631], [219, 585], [219, 141], [454, -1091], [252, 452], [34, -814], [165, -739], [-117, -446], [-46, -732], [229, -1224], [125, -30], [90, -636], [-60, -119], [130, -75], [64, -447], [-94, -1906], [-94, -301], [-15, -776], [-94, -281], [82, -67], [-26, -463], [140, 259], [89, -1050], [160, -248], [-175, -2065], [47, -341], [90, -57], [69, 446], [-40, -577], [-120, 151], [-173, -1331], [-305, -653], [-151, -606], [65, -698], [-164, 417], [-314, -779], [-140, 235], [-335, -489], [-266, 60], [-165, -523], [-543, -168], [-205, 174], [-93, 408], [-538, 271], [-202, -146], [-90, 312], [-285, 69], [-408, 371], [-11, 183], [-211, -124], [60, -290], [-27, -495], [-801, 387], [-452, 447], [-164, 45], [-14, -247], [-305, 458], [56, 275], [-466, 1491], [-376, 1787], [-113, -239], [188, 477], [-150, 245], [19, 401], [-235, 319], [17, 316], [-297, -186], [-397, 212], [-431, 979], [-158, 129], [-59, 384], [-260, -93], [-167, 368], [-126, -253], [-187, 2], [-255, 574], [-182, 95], [-730, -227], [-163, 291], [-72, 466], [61, 812], [177, 539], [-200, -376], [-4, 338], [-108, -30], [46, -216], [-101, 25], [-3, -1977], [-95, -382], [-168, -156], [42, -205], [-78, 12], [-3, -446], [-236, -553], [41, -148], [-513, -1174], [-310, -913], [-10, -338], [-103, 190], [-344, -342], [8, -164], [-864, 699], [-19, -151], [-477, 610], [-274, 540], [41, 142], [-148, 714], [-53, -78], [-96, 1070], [-587, 767], [-325, -660], [-37, 275], [-129, -124], [257, -559], [480, 59], [-99, -474], [145, -838], [-89, -300], [-318, -177], [-335, -675], [-544, -306], [-29, -258], [66, -169], [203, 104], [38, -294], [-435, -1027], [16, -487], [-234, 252], [-164, -641], [-111, 68], [-48, -190], [-84, 524], [-93, -16], [-110, -1102], [-118, -205], [52, -374], [-130, -207], [-38, -546], [-69, -93], [72, -586], [-175, -778], [-108, -217], [-16, 336], [-43, -188], [-84, 238], [-30, 374], [122, 312], [-225, -386], [30, -557], [106, 90], [72, -498], [-110, -301], [-124, 230], [-50, -208], [189, -219], [-449, -722], [-117, -1517], [-104, -161], [52, -998], [-294, -973], [-19, -342], [-149, -147], [46, -721], [-242, -834], [-1441, -3587], [-153, -174], [-918, 17], [-884, 583], [-236, -423], [-183, 640], [-78, -479], [277, -2241], [-274, -291], [-539, 3867], [-271, 2860], [51, 157], [-100, 347], [-48, 574], [190, -105], [51, -216], [134, -35], [44, -283], [134, -41], [309, -2416], [-318, 2509], [-120, -14], [-7, 183], [-77, 141], [-79, -34], [-71, 220], [-222, 113], [18, 1253], [121, 914], [306, 508], [252, -328], [-103, -321], [61, -617], [-22, -304], [33, -188], [93, -42], [-112, 191], [17, 404], [-55, 543], [130, 297], [371, -322], [323, -998], [279, 213], [-277, -188], [-132, 481], [151, 40], [-158, 0], [-169, 603], [-561, 479], [-197, 485], [174, 694], [244, 474], [98, -212], [-29, 250], [460, 967], [-727, -1275], [-65, 468], [45, -479], [-226, -691], [12, -463], [-222, -414], [-38, 1246], [398, 3649], [176, 3945], [305, -135], [197, -1071], [231, -69], [17, -864], [240, -338], [325, 281], [-165, 57], [-179, -234], [-218, 349], [50, 561], [125, 71], [-129, -20], [-122, 481], [-203, -14], [-130, 993], [-172, 79], [-51, 233], [100, 264], [-152, -187], [17, 405], [-95, 221], [10, 262], [-49, -280], [102, -206], [-14, -372], [-136, -445], [-198, 784], [-83, 1110], [-181, 712], [55, 497], [-147, 44], [103, -177], [-71, -353], [203, -795], [60, -1027], [218, -850], [29, -543], [-121, -1061], [-77, -56], [-244, 1099], [-321, 368], [-220, -723], [-110, -30], [-97, -304], [-165, 34], [168, -84], [70, 260], [146, 60], [213, 687], [296, -384], [44, -423], [154, -386], [-25, -283], [-127, 3], [80, -44], [-78, -473], [158, 539], [111, -280], [-44, -1308], [-294, -2009], [-329, 892], [-212, 332], [-54, 545], [-27, -212], [70, -433], [178, -272], [335, -1081], [-36, -647], [-180, -999], [-106, 180], [-75, -217], [-431, -160], [-451, 1742], [-109, 1009], [-551, 507], [-325, 1921], [157, 1188], [311, 812], [-224, -537], [19, 773], [-29, -750], [-165, -613], [-98, -19], [-137, 692], [127, -731], [75, -54], [-58, -565], [-218, 446], [20, -422], [196, -238], [-118, -593], [-212, 204], [-350, -151], [561, -141], [142, 304], [161, -1033], [-200, -74], [-146, 73], [-93, 175], [-48, -12], [-15, 83], [-184, 138], [170, -144], [24, -99], [-60, -95], [113, 97], [90, -179], [127, -77], [-110, 8], [-194, -362], [-211, 34], [-58, -507], [-63, 240], [-180, -229], [172, 180], [80, -251], [71, 470], [227, 34], [164, 332], [96, -33], [-70, -365], [-242, -324], [-138, -555], [164, 547], [245, 329], [51, 317], [242, 83], [41, -280], [-405, -790], [406, 698], [39, -111], [-118, -867], [-114, -125], [50, -244], [-113, -190], [132, 177], [-37, 173], [93, 178], [127, 806], [131, -226], [-105, -412], [68, 193], [16, -151], [31, 334], [323, -233], [84, -894], [-378, -476], [-123, 157], [-385, -259], [-28, 249], [-22, -299], [-245, 79], [164, -109], [208, 19], [-45, -138], [25, -258], [-186, -302], [200, 282], [-11, 289], [148, 253], [303, -75], [432, 324], [65, -351], [-62, -321], [-612, -312], [-271, -602], [312, 539], [155, 91], [82, -263], [-7, 213], [456, 426], [368, -1010], [-151, -313], [-71, -577], [-268, -441], [-309, 99], [-120, 488], [-180, -231], [-150, 200], [61, -181], [-48, -97], [-275, 136], [-19, -141], [52, 108], [255, -174], [54, 87], [-27, -275], [-112, -54], [-30, 66], [17, -69], [29, -22], [81, 23], [61, 124], [2, 191], [261, 171], [17, -296], [-153, -567], [-86, -273], [-161, -78], [-76, -259], [92, 251], [111, 38], [-59, -283], [50, 81], [262, 996], [196, -175], [-109, -673], [118, 647], [229, -12], [265, 413], [134, 797], [454, 79], [261, -381], [-44, -725], [-170, -622], [-81, -1564], [-374, 16], [-130, 326], [-15, 596], [-4, -589], [-109, 11], [0, 448], [-46, -482], [-64, 592], [30, -666], [-167, 493], [160, -524], [-162, -427], [-220, 196], [-103, 553], [84, -543], [69, -84], [-147, -244], [-228, 200], [-118, 389], [121, -456], [-311, -120], [-131, 343], [121, -385], [345, 103], [175, -166], [-147, -461], [-312, -356], [318, 306], [312, 731], [125, -169], [-663, -1684], [332, 652], [-33, -132], [63, -141], [-386, -834], [384, 768], [21, 114], [-48, 142], [132, 298], [-22, -727], [-126, -546], [57, 66], [32, -255], [-101, -360], [111, 334], [34, 697], [101, -293], [-82, -624], [97, 600], [-89, 355], [33, 858], [452, 1211], [343, -403], [428, 163], [97, -1127], [-71, -369], [-146, 210], [-495, -379], [-231, 198], [223, -228], [4, -438], [-372, -884], [337, 581], [-72, -624], [-96, -79], [-8, -103], [-122, -159], [-11, -216], [22, 185], [102, 132], [52, 168], [96, -18], [-58, -1075], [-82, -314], [85, 296], [67, 1041], [47, -344], [-60, 523], [113, 1258], [437, 367], [119, -218], [175, 163], [63, -706], [-82, -600], [-17, -1173], [-205, 700], [-75, -137], [136, -86], [153, -676], [94, -120], [26, -626], [307, -1537], [-30, -154], [57, 23], [-80, -207], [130, -8], [74, -535], [-1103, -2276], [12, -218], [-296, -742], [-24, -387], [-210, -730], [-150, -1228], [-82, -2116], [86, -2677], [-135, -34], [-801, 2088], [-460, 1723], [34, 323], [-85, -189], [-296, 1147], [-614, 1757], [34, 214], [-54, -158], [-541, 1311], [-51, -110], [-335, 405], [-74, 355], [-201, 169], [142, 271], [-149, 2085], [-237, 1024], [-88, 1692], [-764, 4392], [-245, 2643], [-229, 3746], [47, 116], [-297, 2251], [-211, 1035], [-127, 1443], [-198, 849], [-237, 1841], [-150, -34], [-43, 366], [-180, 207], [66, -71], [35, 486], [174, 68], [-595, 3404], [18, 386], [108, -31], [-80, 405], [-305, 581], [-228, 1584], [-716, 2675], [-1604, 3641], [1, 291], [-498, -191], [-239, 299], [-263, 521], [-119, 525], [-879, 1051], [-261, 817], [-189, 193], [-38, 492], [-312, -176], [-983, 1023], [-2644, 3275], [-1455, 2132], [-1050, 1945], [-415, 1240], [-266, 369], [-787, 2264], [-785, 1526], [-727, 1889], [-662, 1487], [-506, 774], [-243, 720], [-3071, 4125], [-289, 48], [-32, -468], [-56, 27], [-29, 514], [-483, 378], [-1289, 229], [-179, -286], [-600, -234], [-256, 804], [-1254, 2684], [-693, 2119], [-278, 1098], [-91, 710], [-124, -103], [-133, 616], [76, 560], [251, 245], [126, 596], [8, 1441], [-112, 1681], [-263, -849], [-144, -146], [-1906, 4117], [-890, 1496], [-1350, 1418], [-1124, 743], [-1945, 435], [-826, -342], [-748, -1919], [-264, -58], [-966, 2225], [-666, 2409], [-937, 4165], [-533, 2881], [-638, 1896], [-101, 550], [13, 703], [-261, -134], [-1275, 4163], [-1814, 5174], [-957, 2377], [-204, 973], [98, 1774], [-289, 2274], [-612, 2090], [-339, 1023], [-638, 1364], [-1011, 1823]], [[210840, 277351], [-156, -237], [-237, 421], [-18, 738], [-262, 606], [-119, 1504], [46, 220], [257, -565], [-35, -606], [123, -93], [-63, -268], [193, -482], [271, -1238]], [[216597, 280834], [-253, -79], [-166, 527], [-123, 1106], [-17, 870], [87, 237], [359, 210], [337, -658], [-57, -1713], [-167, -500]], [[229567, 300903], [505, 1089], [69, -51], [323, 1497], [-116, 850], [-104, -24], [-62, 2107], [-550, 1035], [178, 563], [-26, 362], [-94, 103], [255, 115], [7, 425], [-311, 192], [-31, 504], [-62, 66], [145, 662], [172, -22], [112, 377], [37, 728], [-95, 704], [125, 1077], [643, 685], [174, -152], [126, -487], [266, -178], [-89, -865], [110, -701], [224, -579], [257, -154], [-137, -374], [-172, 74], [-35, -242], [35, -491], [346, -349], [-259, -356], [-36, -274], [186, -803], [131, -121], [97, -848], [-99, -1301], [133, -394], [-5, -343], [121, -98], [119, -514], [-36, -252], [-179, -142], [13, -204], [318, -526], [-122, -762], [247, -168], [22, -471], [116, -274], [-68, -380], [268, -458], [-137, -346], [-38, -635], [168, -442], [315, -180], [-92, -94], [-9, -477], [-64, -79], [-356, 520], [-30, 20], [-26, -7], [-77, -129], [105, 123], [41, -43], [38, -190], [-164, -1211], [53, -21], [-1, -782], [121, -769], [255, -79], [72, -427], [379, -73], [-51, -420], [214, -796], [-19, -630], [-163, -771], [86, -588], [-193, -618], [-145, -1178], [297, -1080], [-108, -116], [-193, -2414], [-449, -358], [-482, 399], [-177, -188], [-442, 324], [-884, -989], [-402, 148], [-193, 411], [-228, 151], [-446, 1426], [-249, 502], [-205, 927], [48, 404], [-110, -146], [-455, 572], [-161, 1479], [162, 1164], [-99, 1471], [-146, 594], [-16, 1381], [209, 735], [34, 462], [282, 664], [-5, 808], [346, 455], [598, 1279]], [[217638, 279806], [-105, -474], [-266, 501], [-90, 3449], [435, -341], [166, 185], [376, -237], [70, -2740], [-105, -606], [-201, -184], [-280, 447]], [[101259, 350928], [-97, 450], [-145, 55], [-208, 695], [-207, 1082], [5, 893], [206, 2978], [-10, 3049], [200, -10], [108, 261], [480, 2556], [82, -90], [154, 917], [-179, 807], [-8, 199], [129, -15], [-34, 628], [441, 10], [7, 219], [400, 115], [2, 388], [166, -129], [23, 812], [74, 15], [96, -125], [-1, 299], [125, 274], [123, -174], [379, -1694], [-68, -683], [1259, 35], [17, -717], [221, -45], [19, -882], [71, -304], [203, 95], [68, -175], [81, 190], [232, -578], [124, 363], [-104, 210], [174, 344], [12, 549], [267, 792], [-3, 271], [58, -102], [249, 750], [100, -202], [386, -23], [-26, 289], [67, -14], [188, -712], [-209, -837], [-37, -1219], [368, -875], [97, -1098], [114, -15], [25, -349], [124, -10], [175, -443], [118, -1400], [-53, -369], [-129, -124], [61, -45], [-35, -568], [-316, -857], [-329, 60], [-293, 398], [-197, 15], [-118, -653], [-3, -169], [174, -179], [33, -1062], [119, -10], [144, -381], [422, -52], [88, -179], [-106, -339], [99, -209], [-179, -598], [-16, -549], [-301, 150], [69, -429], [-159, -438], [70, -279], [-275, -1166], [152, -558], [159, -1186], [-139, -1256], [47, -617], [99, -299], [208, 239], [391, -758], [30, -488], [-159, -329], [116, -608], [-50, -747], [-334, -1236], [119, -1206], [112, 20], [-46, -399], [60, -69], [-7, -2811], [-970, 0], [0, -2940], [-155, 140], [-245, -578], [-36, 488], [125, 189], [-23, 329], [-142, 90], [-83, 1017], [-165, 39], [-65, 914], [-68, 100], [-185, -149], [-181, -1085], [-16, 531], [-258, -84], [-149, -95], [35, -428], [-212, -185], [-253, -114], [-172, 294], [-325, -499], [-466, -40], [-140, -237], [10, 742], [-296, 132], [-183, 718], [-6, 1195], [-308, -205], [-35, 252], [-180, -227], [-48, 229], [82, 155], [-58, 520], [152, 468], [-39, 567], [-216, 234], [417, 1025], [238, 228], [29, 717], [202, 209], [-193, 932], [19, 1235], [-36, 2248], [-357, -683], [-177, 1169], [-295, 227], [239, 897], [-54, 485], [-167, -69], [-453, 703], [-274, -270], [5, 955], [-78, 185]], [[136470, 193213], [289, 924], [186, -319], [342, 96], [-39, -658], [-218, -499], [-152, -904], [-96, 194], [-54, 875], [-258, 291]], [[150414, 239142], [-368, -813], [-974, -1409], [-520, 88], [-317, -497], [-516, -340], [-220, -1259], [76, -1579], [-566, -1920], [-629, -900], [-212, -1830], [343, -2525], [-151, -735], [-111, 29], [-25, -831], [-115, -395], [83, -1243], [-240, -411], [104, -855], [-168, -509], [-273, -2498], [-63, -1243], [-254, -1781], [78, -1529], [185, -1609], [-49, -374], [37, -1340], [-125, -866], [-381, -834], [-221, -785], [-563, -726], [-62, -406], [394, -1915], [8, -593], [214, -1211], [382, -178], [363, -466], [200, 93], [283, -1279], [942, -17], [228, -492], [371, -3067], [-14, -1203], [-267, -1643], [-292, -907], [-391, -118], [-144, 423], [-413, 0], [-73, 805], [-128, 147], [-115, -315], [111, -464], [-62, -457], [-558, 170], [-72, -258], [-60, -1304], [32, -1650]], [[145136, 191318], [-439, 719], [-937, 961], [-699, 465], [-381, -155], [-370, 434], [-1005, 1962], [-540, 663], [-390, 198], [-812, -205], [-382, 201], [-994, 1842], [-209, 676], [-603, 804], [-6, 379], [-65, -326], [-444, 219], [-37, -237], [-2, 234], [-112, 126], [-247, -21], [-346, 1142], [-354, 535], [-848, 751], [-58, -151], [-118, 121], [-935, 1586], [-280, -291], [-163, 310], [-34, -202], [-313, 433], [-351, 36], [-20, 394], [-169, -34], [-274, 696], [-212, -112], [1, 575], [-68, 52], [-132, -520], [78, -423], [-272, -95], [-184, 498], [95, 520], [-154, 555], [-71, 141], [-141, -470], [-186, 56], [-163, 377], [51, 369], [-79, 41], [-53, -367], [-231, 695], [-386, -41], [-230, -595], [-161, 1061], [164, 422], [-47, 356], [254, 510], [-214, 211], [-132, -231], [-53, 552], [-719, 282], [-343, -254], [-8, -370], [-530, 15], [-716, 4140], [-902, 3471], [-634, 1194], [-267, 84], [-142, -451], [-309, 1466], [-175, 300], [-215, 1243], [-236, 119], [-126, 434], [-140, 75], [-455, 4123], [-262, 1440], [-357, 1334], [-300, 640], [-369, 220], [-267, 434], [-782, 1912], [-620, 847], [-637, 324], [-123, -187], [-35, -347], [-410, 613], [-710, 398], [-142, 853], [-57, 1527], [168, 574]], [[105558, 267554], [-8, 461], [-56, 179], [-381, 552], [-66, 302], [3, 146], [64, 439], [96, 329], [496, 1072], [146, 208], [236, 163], [159, -316], [123, -323], [98, 432], [-58, 1601], [-226, 944], [279, 1371], [203, 550], [581, 709], [95, 310], [-91, 1510], [-236, 510], [-59, 745], [276, 1236], [135, 165], [180, -116], [63, 620], [-71, 416], [81, 509], [110, 95], [6, 242], [-79, 85], [65, 467], [287, 358], [80, 563], [-426, 19732], [-116, 5849], [2083, 43], [4612, -432], [1800, 13585], [862, 5546], [-50, 1236], [523, -12], [-79, 2635], [251, 1123], [322, 327], [658, 543], [188, 441], [21, 441], [-142, 984], [50, 391], [-113, 542], [117, 1160], [-347, 1412], [-55, 1299], [-565, 6103], [12, 568], [227, 252], [376, 1727], [168, 1513], [-117, 1526], [-289, 946], [-92, 126], [4, 277], [-235, 189], [-46, 643], [-122, 295], [-58, 1844], [-249, 1020], [394, 1012], [-94, 2076], [191, 383], [-60, 531], [45, 594], [-490, 3325], [-270, 515], [-177, 760], [180, 853], [-135, 485], [-161, 56], [-22, 587], [-104, 294], [-681, -257]], [[155879, 303922], [-2810, -23150], [-735, -7454], [-20, -442], [143, -1450], [499, -2316], [35, -494], [-132, -1097], [-788, -852], [-160, -1275], [20, -849], [-453, -2267], [-102, -3376], [436, -3011], [-261, -1046], [-326, -525], [-41, -334], [75, -209], [-143, -609], [73, -160], [130, -1553], [97, 90], [72, -562], [115, -252], [114, -2472], [-192, -462], [-152, 103], [-94, -370], [-196, -132], [-1, -700], [-251, -54], [-139, -557], [-97, -36], [19, -1318], [-150, -1049], [108, -591], [-175, -1319], [92, -1171], [79, -14], [33, -461], [-75, -707], [-112, -277]], [[150414, 239142], [-255, 902], [-1019, 244], [-2947, 3036], [-3821, 2930], [65, 1586], [-3468, 3435], [-202, 58], [-2401, -1667], [-1914, -3167], [-2460, 1239], [-150, 236], [-195, 776], [-574, 917], [-94, 421], [-267, -224], [-19, 347], [-509, 584], [-191, 968], [-674, 850], [-1884, -6300], [-1010, 747], [-1660, -2234], [-27, -272], [-196, 1112], [-184, 262], [-209, -9], [-383, 484], [-386, -408], [-66, -479], [70, -541], [-114, -750], [88, -231], [158, 206], [16, -177], [-222, -1170], [-348, 39], [-151, -271], [-96, -948], [108, -809], [-214, -339], [-78, 204], [-232, -13], [-311, 790], [-6, 1089], [-117, 208], [-213, -115], [-116, -1197], [-346, -968], [-318, -1420], [-621, -723], [-381, -883], [-446, -204], [-329, -1158], [-103, -138], [-139, 176]], [[118853, 236173], [11, 579], [-79, 533], [-514, 745], [-337, -246], [-626, 1400], [-121, 913], [-344, 792], [-363, 304], [-997, -110], [-559, -1005], [-813, 481], [-838, -378], [-188, -567], [32, -306], [-136, -1131], [-135, 17], [-99, -243], [-304, 1438], [123, 61], [241, 716], [133, 2793], [-95, 1413], [-82, 70], [100, 575], [-29, 829], [-179, 1195], [-174, 14], [35, 755], [-100, 842], [36, 263], [-181, 117], [-49, 373], [50, 300], [150, -134], [31, 408], [-225, 1139], [-225, 611], [21, 469], [-161, 1021], [-424, 1002], [-132, 888], [-70, -23], [2, 307], [-166, 286], [1, 237], [-692, 546], [-157, -61], [-126, -324], [-580, 217], [31, 543], [-76, 984], [480, 1480], [-89, 1158], [-75, 386], [-123, 57], [-3, 424], [151, 227], [102, 716], [-129, 1917], [-332, 891], [-230, -346], [-137, 888], [38, 708], [-214, 729], [-1139, 1749], [-784, -178], [-437, -817], [-138, -466], [-6, -559], [-530, -129], [2, 878], [-323, 20]], [[916454, 514324], [499, -763], [262, -1105], [-341, -789], [-96, 27], [-324, 2630]], [[930239, 508875], [-10994, -86], [-263, 485], [-47, 305], [-426, 326], [-150, 467], [-42, 690], [-402, 290], [-805, 2336], [-717, 1210], [-105, 1714], [61, 605], [473, 1552], [1233, 2525], [420, 1704], [594, 1000], [437, 31], [630, -447], [2633, -631], [358, -1162], [980, -1368], [17, -2472], [193, -842], [682, -736], [490, -895], [235, -1021], [814, -1241], [367, 216], [1697, -1605], [804, -31], [187, -961], [646, -1958]], [[968621, 543327], [525, 184], [79, -474], [-245, -552], [-341, -342], [-281, 105], [263, 1079]], [[968166, 547166], [-85, 143], [26, 826], [464, 2041], [41, 1393], [-104, 1565], [-315, 500], [-280, 999], [-525, 2261], [-105, 894], [612, 447], [324, 473], [621, 316], [1452, -237], [96, -2340], [411, -315], [2003, -210], [830, -1683], [-87, -1604], [-280, -1131], [-507, -762], [-883, -395], [-1251, 763], [-420, -26], [-111, -715], [-189, -432], [-10, -322], [-256, -486], [-35, -354], [-244, 40], [53, -200], [-79, -172], [-90, 100], [-18, 327], [-288, -910], [-140, -154], [5, -286], [-636, -354]], [[965691, 568226], [403, 1051], [-53, 500], [70, 342], [376, 210], [132, -1288], [-184, -526], [-359, 263], [-385, -552]], [[961931, 566517], [1767, 2340], [507, 867], [43, 347], [184, 105], [184, -499], [-53, 678], [123, 531], [-88, 788], [175, 158], [0, 289], [123, 263], [131, -289], [-9, -605], [-149, -1051], [-8, -2213], [-158, -521], [-254, -132], [-244, 316], [-175, -53], [-131, -267], [-79, -1341], [-1644, -1257], [-289, 420], [44, 1126]], [[951839, 583946], [-35, 815], [262, 578], [1277, 552], [1146, -999], [664, 815], [437, -447], [263, 237], [44, -841], [489, 499], [1015, 210], [70, 1078], [-333, 263], [-113, 1656], [682, 131], [-35, 894], [-1093, -315], [-473, 630], [193, 999], [-70, 289], [-175, 0], [-114, -1182], [-420, 367], [70, 710], [-402, -131], [-26, 578], [297, 237], [114, 683], [778, 420], [0, -630], [289, -368], [166, -1025], [1076, -316], [717, 736], [393, -263], [158, -2497], [393, -1025], [604, 0], [114, 237], [166, -500], [-236, -184], [-158, -946], [210, -683], [367, -684], [-70, -604], [158, -2077], [297, 0], [219, 3128], [446, 26], [280, -657], [-88, -1314], [647, -500], [744, 1551], [253, -1183], [1557, -1761], [192, -815], [-26, -946], [-376, -1104], [-332, 447], [-324, -158], [-673, -5073], [-149, 499], [-612, 4548], [-533, -2156], [306, -315], [8, -973], [-962, -263], [-1836, 3339], [-158, -26], [-384, -1709], [-1190, 973], [79, 1892], [-1382, 1209], [-393, -420], [-88, 394], [-2099, 2471], [-822, -710], [-1460, 1709]], [[958818, 591621], [-184, -26], [-114, 315], [-253, -210], [-105, 342], [-53, 867], [166, 315], [166, 947], [315, -53], [35, 867], [149, -998], [262, -184], [499, 52], [-96, -447], [-245, -78], [-542, -1709]], [[955311, 599795], [-58, -188], [-209, 10], [41, 303], [-55, 180], [-204, 591], [-119, 1], [262, 951], [-194, 933], [30, 194], [217, -452], [-29, -373], [295, -1222], [23, -928]], [[954156, 606287], [-490, 262], [-8, 815], [463, -709], [411, 236], [61, 263], [1094, -920], [437, -1288], [376, -289], [131, -420], [-9, -368], [-87, -500], [-157, 184], [-123, 684], [-236, -79], [0, 631], [-341, -473], [-289, 315], [-288, -263], [0, -499], [-123, 105], [-280, -683], [27, 735], [140, 815], [-88, 473], [-105, -184], [-35, -578], [-288, -657], [-44, 368], [-140, 184], [122, 315], [35, 684], [-17, 473], [-149, 368]], [[951363, 605964], [-147, -275], [-496, 314], [56, 151], [346, -156], [-70, 350], [157, 370], [-113, 343], [96, 475], [-74, 271], [476, -412], [414, -1195], [-36, -306], [-242, 324], [-367, -254]], [[951212, 631941], [339, -211], [42, -362], [120, -28], [185, 666], [247, -322], [40, 265], [136, -250], [140, 202], [-10, 561], [-379, 160], [37, 336], [-173, 98], [12, 245], [-67, 86], [133, 379], [19, 328], [-61, -6], [267, 54], [-374, -71], [-77, 269], [83, 475], [95, -84], [75, 253], [-114, 344], [322, 142], [53, -253], [41, 441], [127, -300], [192, 390], [348, -151], [-342, -97], [315, -388], [-241, -747], [72, -132], [67, 354], [68, -10], [-62, -257], [117, -492], [-80, -121], [7, -447], [100, -7], [71, 734], [-49, 185], [198, 144], [-57, 230], [82, 358], [88, -417], [-60, -255], [74, -432], [57, 982], [52, -30], [-4, -534], [51, 475], [103, 105], [-102, -234], [108, -285], [-110, -102], [75, -163], [-64, -366], [149, -72], [49, 279], [29, -622], [225, 402], [287, 35], [173, 262], [63, -137], [79, 394], [283, -54], [124, -311], [-130, -642], [-265, -419], [-876, -832], [-703, -1181], [-1075, -1306], [-186, 284], [-105, -157], [40, 263], [-73, 22], [-89, -445], [-179, -8], [-33, -312], [-360, 617], [-151, 30], [28, 370], [102, -193], [-140, 697], [82, 264], [-5, 393], [325, 672]], [[991794, 704324], [-210, 86], [-96, 1389], [192, 1417], [446, 631], [376, -289], [455, 420], [437, -26], [385, -578], [122, -528], [-25, -322], [-232, -401], [-186, -36], [-186, -695], [-158, -179], [-155, 150], [-465, -745], [-499, -444], [-201, 150]], [[814809, 748708], [-113, 394], [26, 1128], [114, 263], [288, 52], [295, -785], [554, 77], [183, -551], [0, -787], [525, -1864], [-17, -524], [-184, -735], [-442, -38], [-118, 458], [-52, 997], [-239, 1075], [-697, 394], [-123, 446]], [[940157, 754728], [-126, 493], [-112, 98], [164, 1763], [163, -158], [172, 591], [206, -450], [499, -394], [444, 211], [-66, -887], [-284, -183], [-182, -408], [-659, -226], [-219, -450]], [[931045, 757878], [230, 626], [-7, 948], [658, -937], [410, -336], [250, 196], [1123, -102], [252, 336], [423, 146], [60, -480], [-207, -35], [126, -175], [11, -371], [323, -658], [250, 770], [-11, -539], [261, -1216], [436, 259], [101, -287], [163, 147], [-400, -1489], [253, 875], [263, 49], [171, 285], [81, -814], [-135, -2175], [-389, -707], [-217, -1130], [-103, -126], [-1027, 286], [-369, -287], [-351, 436], [-165, 467], [-596, 3784], [-428, 840], [-1031, -7], [-421, 843], [-46, 306], [58, 272]], [[944952, 762341], [-229, 52], [-397, -708], [-197, 301], [-511, 246], [-497, 934], [-28, 330], [222, 851], [44, 547], [-61, 81], [121, 813], [628, 1708], [239, 337], [369, 113], [982, -360], [973, -798], [191, -301], [265, -849], [35, -432], [-730, -2027], [-511, -326], [-140, 963], [-72, -809], [-249, 9], [-447, -675]], [[942678, 768309], [-131, 1286], [44, 996], [-149, 840], [26, 682], [149, 499], [-149, 891], [368, -970], [-96, -499], [192, -813], [105, -1285], [-193, -630], [9, -525], [-175, -472]], [[940132, 775148], [-263, 385], [-53, 334], [423, 776], [186, -44], [63, -964], [-242, -522], [-114, 35]], [[940641, 777334], [61, 629], [-149, 603], [123, 210], [61, 472], [201, 158], [297, -944], [0, -368], [-210, -603], [-384, -157]], [[917555, 780173], [124, -337], [-169, -519], [203, -676], [-56, -214], [-530, -272], [-310, 235], [298, 1371], [440, 412]], [[919293, 781872], [-149, 1023], [219, 1049], [586, 210], [87, -158], [-271, -1495], [-149, -393], [-323, -236]], [[918188, 781648], [315, 1915], [804, 1337], [149, 682], [-105, 3043], [297, 2780], [-52, 735], [350, 288], [-53, 446], [70, 708], [621, -367], [367, -2807], [0, -1206], [-105, -1285], [-472, -1181], [-638, -2596], [-438, -132], [-201, -1023], [26, -603], [-157, -708], [-96, -184], [-682, 158]], [[919972, 794264], [17, 892], [315, 839], [481, -236], [227, 393], [210, -105], [79, -341], [26, -1626], [-376, -1311], [-979, 1495]], [[833905, 792478], [-79, 340], [7, 875], [-128, 683], [295, 2492], [185, 525], [158, -253], [-45, -362], [68, -1672], [202, -209], [284, 1003], [23, -850], [159, -261], [-111, -331], [35, -150], [520, 372], [156, 803], [394, -1], [-38, -322], [71, -709], [-289, -1464], [23, -295], [57, -204], [195, 129], [-16, -613], [102, -337], [202, 22], [155, 584], [4, 477], [181, 562], [30, -936], [-210, -1435], [84, -326], [247, -183], [-121, -500], [-71, 42], [-96, 412], [-162, -72], [23, 552], [-64, 189], [-320, 231], [-178, -1149], [-303, -790], [-19, 256], [-144, 224], [-24, 684], [101, 316], [-12, 342], [-160, 320], [-48, 583], [-103, -173], [-80, 747], [-152, -79], [-204, -1065], [-161, 1090], [-77, -64], [-16, -313], [-115, 618], [-112, -580], [-303, 225]], [[837108, 801356], [-10, 692], [139, -124], [312, 565], [-104, -888], [61, -472], [-186, -410], [-59, -716], [-357, -381], [87, 1514], [117, 220]], [[936293, 807331], [-215, -15], [-234, 708], [370, 337], [90, 216], [31, 587], [205, 332], [456, -519], [-456, -1309], [-247, -337]], [[812253, 821922], [408, 866], [635, 450], [208, -1897], [-217, -1459], [-593, -469], [-102, 162], [-339, 2347]], [[917614, 826453], [297, -498], [-26, -394], [-360, -2877], [-270, -505], [-35, 446], [-227, 673], [-61, 664], [131, 577], [96, 1280], [227, 162], [228, 472]], [[921288, 832363], [255, -1480], [67, -1363], [-105, -1337], [0, -2412], [-96, -419], [-122, -105], [-105, 183], [0, 262], [114, 53], [61, 1232], [-123, 577], [228, 1704], [0, 891], [-174, 2214]], [[852206, 899350], [-167, -292], [-353, -47], [-480, 582], [-225, -13], [26, 618], [-70, 414], [-78, 198], [-151, -41], [181, 387], [315, 132], [-55, -502], [70, -209], [565, -394], [339, -765], [267, 255], [-184, -323]], [[904526, 894387], [84, -230], [86, 121], [435, -329], [303, 372], [144, -760], [-56, 619], [-102, 258], [317, 672], [217, 38], [170, -610], [-27, -603], [185, -396], [141, 19], [-305, 426], [22, 851], [-201, 516], [8, 399], [349, 497], [386, -1527], [-192, 1000], [49, 228], [-72, -69], [-132, 412], [28, 271], [200, 69], [86, 405], [228, 146], [216, 532], [79, -169], [24, -732], [301, -287], [-289, 473], [-17, 705], [135, 52], [128, -229], [-110, 298], [-324, 79], [-40, -227], [-391, -501], [-521, 1794], [-704, 364], [-487, 849], [-266, -116], [-116, 154], [-147, 1239], [40, 798], [-175, 807], [-113, 108], [187, 1393], [887, 1496], [424, 417], [157, -89], [265, -618], [318, 155], [160, -317], [681, -334], [624, 455], [28, 282], [264, 298], [42, 398], [297, 308], [153, -421], [79, -979], [-94, -290], [23, -513], [322, -1679], [16, -461], [131, -136], [279, -944], [164, -1143], [-16, -461], [495, -1858], [408, -754], [-3, -3074], [142, -279], [-626, -2755], [-300, -238], [-269, -1096], [-184, 64], [-227, -683], [-305, 143], [-231, 1233], [194, 297], [26, 262], [-245, -486], [199, -1054], [-229, -749], [-42, 197], [-157, -213], [-682, -132], [-332, -517], [-799, -1895], [-459, 62], [-364, 342], [-223, -162], [-541, -923], [-141, 218], [27, 268], [-162, 462], [-356, 445], [353, 52], [125, 282], [83, -153], [25, 306], [-44, -255], [-76, 149], [-75, -226], [-383, 2], [-336, 615], [-679, 475], [-446, -177], [-665, 312], [-323, 1075], [73, 358], [-120, -189], [-274, 834], [114, 411], [-161, -383], [-325, 1159], [20, 1031], [263, 1166], [504, 806], [518, 260], [76, -146], [-30, 245], [149, 317], [328, -275], [393, 229], [174, -278], [-40, -256], [103, 320], [381, 4], [179, -145], [75, -385], [49, 257], [413, -525]], [[897553, 917091], [340, 399], [395, 1120], [796, 1152], [-18, -1100], [-551, -1392], [-454, -310], [-234, -946], [-212, 843], [-90, -20], [28, 254]], [[894412, 940360], [-61, 105], [9, 498], [262, 392], [341, -131], [105, -419], [0, -340], [-289, -654], [-78, 0], [-132, 471], [-157, 78]], [[805311, 633831], [298, 473], [236, 1156], [53, 841], [-44, 657], [114, 1339], [298, 900], [192, -138], [568, 920], [306, 1287], [367, -446], [481, 262], [413, 712], [236, 1140], [-93, 372], [119, -213], [611, 2035], [201, 1471], [79, 1419], [184, -631], [331, 383], [210, 1110], [212, 3250], [112, 4399], [-52, 2075], [261, 842], [159, 952], [248, 412], [67, 350], [-35, 280], [124, 251], [94, 689], [-15, 507], [-106, 25], [-90, -1048], [-139, -218], [128, 663], [100, 2203], [-779, 868], [-201, -157], [53, 525], [192, 448], [-271, 366], [35, 447], [87, -79], [45, 239], [-106, 260], [44, 210], [164, 195], [-24, 409], [-123, -210], [18, 289], [-240, -486], [-101, 250], [-158, -421], [-87, 421], [-551, -316], [-306, -551], [-166, 368], [-53, 1076], [-166, -52], [-271, 341], [-79, -367], [-78, 184], [35, 315], [-396, -424], [-252, 187], [-183, 473], [-9, 473], [-184, 788], [-140, -79], [-131, 551], [-472, -157], [-245, 551], [-61, 1340], [-175, 420], [-413, -211], [-532, 841], [-209, 1313], [-263, 158], [-559, 1612], [599, 286], [599, 577], [248, -509], [164, 475], [-73, 780], [-300, 288], [-480, -237], [-220, -848], [-124, 203], [73, 339], [-68, 747], [-220, -85], [-1, -725], [-547, -382], [-193, 998], [-122, -210], [-298, 840], [-64, 602], [-180, 396], [-192, -99], [-980, 1806], [-298, 1077], [-92, 35], [-332, -799], [-421, 13], [-149, -266], [-764, 428], [17, 337], [841, 1880], [78, 1182], [158, 262], [210, 1156], [43, 2337], [-107, 621], [230, 902], [131, 1286], [19, 1218], [-126, 1869], [-158, 748], [521, 2550], [302, 496], [174, 627], [468, -8], [566, 313], [477, 658], [520, 1087], [455, 1444], [640, 2699], [1022, 2945], [471, 1869], [640, 1413], [255, 1179], [466, 1401], [518, 905], [177, 671], [579, 1180], [26, 245], [426, 567], [564, 1517], [636, 2522], [180, 1697], [12, 942], [331, 572], [342, 1281], [95, 666], [17, 965], [299, 1475], [110, 1200], [224, 700], [6, 312], [-105, 129], [205, 948], [-18, 453], [44, -261], [142, -80], [162, 268], [420, -1049], [455, -205], [185, -1368], [-58, -1385], [-160, -200], [-125, -1041], [-165, -461], [-187, -2612], [-70, 221], [77, 435], [-92, -475], [59, -351], [-211, -227], [-577, -1944], [-199, -986], [-179, -2620], [817, -1970], [-5, -217], [-137, -202], [-70, -573], [77, 491], [95, -18], [12, -943], [77, 1139], [75, -412], [167, -87], [98, 175], [117, 962], [-300, 996], [-125, 1424], [-484, 1130], [-98, 568], [395, 1802], [253, 643], [123, -82], [250, -986], [566, -1264], [923, -1447], [1004, -987], [139, 140], [1810, -985], [2785, -654], [601, 54], [961, 496], [1243, 1051], [1732, 2452], [1246, 2534], [429, 1601], [114, 997], [26, 1287], [505, 3549], [-5, 736], [-159, -18], [165, 795], [-3, 552], [-100, 377], [65, 49], [14, 770], [112, 520], [-1, 1018], [83, 268], [231, 2379], [-64, 428], [113, 798], [67, 2919], [-58, 4436], [57, 502], [-77, -527], [-3, 253], [243, 2534], [275, 1254], [153, 3], [159, -393], [39, 120], [-180, 501], [148, 388], [1244, 1181], [423, 601], [145, -24], [156, 528], [1097, 1772], [60, 560], [121, 69], [12, -322], [82, -118], [253, 414], [536, 1365], [55, 392], [543, 1135], [44, 1454], [294, 1632], [137, -197], [70, 336], [267, 19], [625, 587], [154, 369], [419, 2118], [-460, -1835], [-145, 307], [413, 1695], [178, -11], [-101, 2794], [288, 1448], [-100, 952], [-117, 108], [12, 561], [-160, 1262], [-376, 295], [21, 292], [207, -69], [-209, 126], [2, 188], [200, 617], [290, 1501], [24, 219], [-128, 164], [-22, 278], [320, 2227], [-39, 2461], [-289, 1464], [44, 187], [240, -469], [333, 536], [173, -149], [111, 171], [16, 385], [185, 587], [-235, -697], [-242, 480], [143, 360], [-27, 226], [38, 193], [-28, -191], [140, -141], [-7, 301], [-63, 9], [143, 1630], [179, 69], [89, -215], [50, -944], [332, 1790], [114, 170], [112, 617], [134, 22], [-68, 239], [22, 270], [-10, -202], [66, 140], [-49, 188], [181, 207], [-113, 170], [80, 433], [69, -439], [59, 540], [32, -506], [129, 391], [127, 55], [182, -756], [300, -253], [299, 521], [231, 859], [89, 1636], [90, 173], [-176, 419], [1, 1445], [-121, 184], [116, 155], [38, 847], [128, 436], [-1, 360], [-94, 198], [92, 433], [-113, 1478], [63, -56], [343, 1266], [108, -206], [205, 124], [85, -421], [116, 206], [43, 324], [-86, 641], [-85, -83], [-182, 430], [-18, 464], [174, 714], [248, 315], [8, 346], [-149, 288], [109, 792], [141, 56], [-149, 600], [174, 258], [-212, 25], [26, -213], [-59, 215], [73, 31], [-46, 304], [-125, 88], [107, -321], [-110, -66], [-4, 315], [-165, 91], [-243, 730], [-80, -148], [-107, 143], [-45, -382], [95, -106], [16, -444], [-139, -477], [75, -384], [-112, 214], [-159, -155], [81, -498], [-160, -260], [-121, -584], [-138, -115], [67, 1241], [-88, 228], [-181, -150], [81, 161], [-158, 559], [-24, 724], [-261, -55], [-148, 907], [22, 637], [-51, 254], [-123, -17], [24, 249], [278, 376], [176, 1380], [246, -793], [298, 36], [396, 588], [1114, 3296], [168, -704], [-113, -351], [-153, -32], [46, -289], [-55, -288], [-500, -734], [205, -125], [-313, -898], [-179, -105], [22, -148], [190, -66], [79, -373], [127, 830], [155, 157], [159, -181], [125, -540], [180, -1665], [-99, -846], [39, -535], [154, 443], [457, 308], [187, -436], [350, 541], [83, 420], [-255, 924], [-81, 131], [4, -299], [-105, -29], [-105, 413], [-148, -65], [-75, -332], [157, -262], [46, -629], [-435, -482], [-102, 249], [17, 813], [-140, 1869], [-282, 465], [42, 616], [157, 617], [94, -400], [147, -20], [347, 1403], [210, 465], [230, 184], [297, -928], [-46, -134], [52, -325], [-82, -101], [83, -761], [122, 191], [164, -345], [114, 797], [133, -46], [127, 472], [28, 361], [-105, 301], [304, 1003], [215, -301], [-9, -896], [57, -22], [122, 590], [109, -374], [92, 53], [-67, 570], [-143, 85], [118, 754], [206, -256], [-31, -282], [195, -449], [57, 246], [194, 131], [94, 204], [-146, 78], [63, 426], [-164, 184], [243, 406], [-68, 787], [134, 341], [56, 1108], [173, 216], [-194, 511], [-226, -328], [-129, 197], [-41, -561], [-287, -566], [99, -1092], [-160, -265], [131, -732], [-157, -94], [-83, 177], [-182, -859], [-336, 505], [-5, -328], [-186, -692], [-1163, 554], [-59, -285], [-459, -427], [-138, 329], [8, 348], [383, 1544], [-11, 453], [-178, 263], [238, 457], [88, -227], [-32, 264], [552, 1325], [380, 1342], [940, 6208], [112, 536], [90, -66], [-3, 677], [541, 1588], [-3, -259], [290, 30], [1528, 1390], [104, 271], [53, -167], [-28, 182], [319, 682], [290, -467], [267, -1575], [164, -372], [195, -81], [19, -451], [-100, -316], [175, 190], [136, -339], [135, 204], [351, -40], [-81, -455], [-113, -126], [-37, -504], [-135, -253], [-198, 56], [-34, -512], [116, 386], [156, 52], [65, -215], [-25, 172], [162, 719], [124, 51], [86, -258], [202, 459], [57, 550], [138, -12], [46, 405], [-107, 473], [51, 111], [-98, -107], [8, 201], [-187, 334], [314, 88], [405, -430], [-176, 427], [82, 218], [-217, -86], [-97, 571], [-45, -439], [-590, -52], [217, 859], [74, 1077], [-179, 282], [268, 538], [232, 113], [20, -247], [41, 468], [345, 761], [-62, 198], [87, -24], [-311, 357], [29, 821], [-139, 24], [86, 313], [-85, 64], [-183, -547], [-35, -436], [-165, -171], [86, -118], [-52, -234], [-286, -326], [-102, 115], [-638, -1530], [-195, 93], [-26, -198], [-219, 275], [17, -171], [-207, -87], [-322, -697], [-621, -795], [-565, -355], [-43, 187], [65, 406], [-164, -400], [44, -193], [-153, 222], [2, -531], [158, 215], [-12, -147], [-310, -384], [-60, 220], [112, 479], [708, 1401], [422, 1154], [115, 728], [-13, 324], [-186, 184], [105, 771], [154, 321], [8, 355], [376, 449], [-26, 330], [640, 245], [258, 676], [168, -353], [352, 63], [457, 889], [144, 884], [-53, 423], [-145, 56], [1, 326], [96, 346], [198, -548], [198, 378], [149, 2084], [267, -837], [82, 74], [60, -689], [-170, -367], [17, -1079], [-43, 432], [-106, -324], [41, -723], [109, 295], [134, -355], [66, 168], [143, -273], [161, 303], [161, -74], [150, 515], [-12, 539], [192, -816], [341, -13], [182, 474], [-16, 401], [-137, 84], [8, 297], [253, -160], [72, 424], [40, -318], [195, 47], [-23, 579], [-101, 112], [31, 290], [-60, 191], [10, -239], [-86, 246], [-286, -198], [-214, 120], [172, 824], [-148, 670], [-326, 122], [-177, -395], [156, 614], [441, 513], [450, 991], [-163, 711], [-86, -203], [-320, 424], [-236, -372], [-92, 119], [141, 495], [448, 328], [224, 561], [-22, 273], [-216, -285], [-103, 458], [-392, 834], [-131, -65], [201, 604], [-9, 311], [189, 184], [117, 604], [-42, 342], [128, 297], [111, -661], [99, -117], [213, 362], [105, -1271], [189, -189], [129, 215], [-59, 253], [232, 142], [40, 456], [156, 10], [-26, 1204], [-216, 236], [27, 322], [-231, 172], [-52, 696], [-86, -96], [113, 745], [511, -464], [102, -1473], [426, -240], [125, 188], [-77, 282], [-57, -105], [-145, 262], [98, 91], [230, -48], [129, -330], [107, 119], [-209, 513], [-433, -151], [-171, 134], [42, 366], [-80, 478], [150, 430], [-151, 635], [17, 262], [348, 179], [70, -298], [599, 1058], [1160, 2589], [399, 739], [202, 138], [-310, -1043], [-298, 46], [-41, -101], [84, -261], [-44, 171], [29, 105], [286, -42], [345, 1119], [-52, 170], [2962, 5875], [1091, 2595], [251, 894], [409, 2489], [305, 3836], [-85, 183], [-85, -143], [-147, 343], [-18, 648], [372, 418], [54, 386], [-67, 382], [130, 33], [22, 494], [114, 153], [17, 340], [80, -200], [222, 621], [62, 460], [-68, 860], [153, -301], [155, 310], [145, 511], [66, 719], [274, 416], [478, 1666], [169, 1167], [181, 2225], [-143, 203], [99, 269], [-52, 345], [481, 756], [74, 401], [232, 456], [275, 1076], [-5, 543], [252, 693], [23, 601], [150, 330], [-11, 726], [92, 509], [-82, 468], [-159, 159], [15, 280], [155, -447], [316, -249], [248, 576], [44, 533], [245, 349], [37, 273], [114, -491], [174, -63], [287, 551], [215, 874], [114, -97], [387, 422], [163, 546], [52, 637], [177, 397], [82, 853], [176, 549], [204, 1313], [110, 31], [-49, 295], [410, 1391], [171, 1296], [-62, 2790], [-79, 703], [-260, 927], [-140, 1178], [-167, 117], [34, 756], [249, 899], [-366, 2358], [-156, 304], [75, 331], [82, -139], [41, 169], [-46, 432], [273, -277], [314, 694], [165, 1387], [-67, 201], [73, 619], [314, 1800], [379, -27], [326, 679], [398, 128], [-53, 275], [27, -176], [-114, 3], [-201, 1372], [-181, 252], [-60, -591], [-201, 501], [-241, -110], [-453, 1450], [-16, 2976], [-139, 833], [534, 458], [390, 606], [112, -264], [230, 354], [691, 1927], [418, 1815], [974, 5464], [135, 2634], [-81, 304], [-111, -126], [-94, 239], [-38, 325], [95, 357], [-60, 242], [132, 401], [273, 231], [159, -173], [447, 643], [95, 407], [-185, 516], [-27, 431], [187, -414], [124, 235], [-10, 514], [-159, 32], [-166, 347], [199, 454], [42, 744], [-98, 351], [195, 27], [-20, 666], [129, 361], [13, 722], [117, 744], [-4, 580], [-177, 500], [182, 186], [19, 458], [78, -170], [88, 260], [162, -8], [284, 1216], [86, 1078], [-212, 970], [249, -400], [387, -4], [252, -738], [-9, -218], [206, -369], [2, -379], [102, 129], [185, -287], [836, -3095], [319, -595], [136, -635], [9, -497], [350, -969], [17, -1361], [257, -308], [166, -628], [193, 262], [437, -707], [416, -137], [184, -1047], [-9, -393], [228, -812], [87, -52], [118, -885], [-304, -1005], [36, -983], [643, -3373], [196, -1767], [157, -631], [163, 33], [60, -308], [-100, -502], [-5, 327], [-72, -82], [16, -624], [219, 154], [-67, -1583], [-380, 60], [-83, -490], [-101, 83], [-69, 482], [-107, -176], [54, 211], [-88, 117], [63, 349], [-308, -352], [41, 193], [-108, 727], [-164, 133], [-156, 695], [-173, -347], [-22, 782], [-93, -514], [-360, -502], [-130, 60], [190, -1350], [-90, -230], [-303, -87], [-30, -439], [105, -241], [-173, -554], [-368, 523], [-426, 1470], [-369, 565], [-92, -493], [57, -693], [327, -953], [-289, -477], [-61, -432], [127, -270], [529, 114], [57, -245], [-157, -471], [44, -262], [110, -44], [-75, -558], [-251, -394], [556, -134], [-81, 239], [115, 459], [118, 3], [-57, 612], [75, 194], [199, -160], [329, 145], [196, -341], [532, 424], [306, -890], [105, 131], [201, -157], [560, 393], [123, -393], [-560, -1283], [-280, -288], [-175, -707], [26, -550], [151, -239], [153, -839], [103, -89], [113, -921], [271, -34], [6, 475], [-2, -472], [302, -277], [167, 397], [-40, 474], [224, -598], [-353, -346], [-65, -296], [-151, 75], [-89, -283], [47, -152], [-70, 205], [-59, -395], [-122, -3778], [205, -1603], [78, -135], [69, -1242], [-389, -196], [-129, -389], [-122, -1415], [-139, -114], [-281, -1562], [-1016, -2208], [-126, -592], [-143, -1533], [-137, -368], [-12, -1064], [-137, -190], [170, -307], [-174, 131], [-188, -308], [-243, -1252], [-63, -1030], [-165, -421], [-17, -396], [-245, -1032], [57, -47], [14, -468], [-61, -1187], [-262, -432], [-197, 49], [58, -303], [-195, -446], [67, -590], [-162, -257], [-141, -918], [-451, -749], [3, -359], [-188, -592], [-105, -909], [-169, -438], [180, -1768], [-129, -887], [44, -367], [-73, -684], [77, -715], [-122, -812], [-274, -730], [375, 369], [-222, -812], [78, 2], [-92, -399], [136, 279], [132, -233], [-40, -270], [123, 92], [-111, -880], [310, 95], [-56, -340], [91, 88], [83, -438], [118, 499], [-47, -721], [110, -24], [143, 1588], [174, 219], [-95, -946], [70, -1755], [149, -27], [61, 577], [114, 157], [128, -241], [56, 477], [183, 26], [131, -394], [0, -1047], [175, -419], [235, 1034], [343, -851], [376, 260], [52, -155], [88, 157], [90, 910], [269, 781], [-28, 183], [188, 329], [312, 175], [217, -747], [92, -45], [145, 615], [111, -499], [-21, 584], [52, 98], [64, -364], [170, -142], [134, -15], [116, 295], [-28, 369], [155, -213], [-60, 3191], [384, 1176], [-84, 533], [-87, -41], [88, -435], [-118, 452], [-50, 339], [64, 299], [1043, 1015], [52, 534], [237, 816], [-6, 433], [53, 163], [119, -243], [73, 519], [-76, 458], [66, 110], [142, -418], [52, 100], [214, 1888], [106, 50], [1, 212], [141, -220], [30, 355], [511, 1712], [184, 160], [317, -212], [396, 92], [227, 401], [71, 1129], [445, 658], [-74, 465], [86, 61], [115, 608], [147, -209], [354, 272], [106, 213], [-29, 195], [151, 587], [118, 63], [27, 630], [143, -473], [818, 1414], [-89, 485], [133, 137], [35, 515], [-10, 1745], [-115, 733], [-157, 236], [-139, 742], [-64, 1005], [692, 2969], [98, 1], [-55, -675], [93, -420], [445, -171], [133, 179], [-2, 590], [-83, 243], [-38, -163], [-145, 503], [19, 643], [-80, -88], [29, 885], [-192, 1049], [1095, 1835], [352, 2439], [204, 481], [31, 778], [107, 361], [-136, 1416], [861, 1660], [481, 457], [552, 108], [205, 386], [673, -2240], [204, -255], [280, -1786], [233, -762], [72, 204], [-28, 373], [-249, 717], [-169, 1237], [-913, 2833], [-240, 198], [-636, -127], [385, 3286], [11, 854], [-121, 1107], [-636, 1918], [-193, -105], [-140, 419], [-122, -210], [-115, 160], [149, 4875], [-143, 1113], [-296, 614], [75, 145], [123, 1518], [262, 894], [160, 14], [297, -209], [359, -812], [61, -1387], [621, -183], [341, 288], [149, -131], [201, 864], [114, 0], [78, 576], [202, 314], [0, 288], [-586, 235], [-123, -261], [-542, 994], [-52, 969], [-140, 340], [87, 1728], [106, 203], [349, -46], [157, 183], [105, 602], [-26, 315], [700, 994], [199, 582], [229, -84], [372, 731], [660, -915], [62, 212], [323, -1023], [297, 602], [141, -808], [35, 640], [94, 20], [19, 593], [-96, 340], [-132, 1571], [105, 762], [289, 337], [831, 26], [114, -235], [96, -733], [366, -1233], [115, -704], [172, -404], [501, 168], [-52, -366], [35, -681], [407, -1221], [196, -2417], [105, -419], [117, -90], [58, -408], [402, -78], [263, -471], [174, -629], [377, -366], [376, -210], [323, 341], [245, -629], [569, 236], [131, -314], [41, -413], [-216, -2258], [197, -1892], [-25, -415], [68, -206], [27, -1338], [161, -311], [-52, -1310], [-289, -733], [-262, -288], [-158, -497], [-35, -629], [132, -471], [184, -27], [87, 341], [122, -131], [79, -549], [-89, -284], [28, -292], [113, -131], [-236, -210], [-263, -676], [-69, -790], [-193, 119], [-262, -329], [-262, -1414], [201, -1099], [26, -629], [-411, -943], [-201, -157], [-297, -916], [297, -341], [157, -1676], [210, -314], [263, 26], [113, -1335], [-175, -314], [88, -655], [149, 26], [55, 227], [32, -201], [236, -157], [68, 222], [97, -471], [-331, -353], [70, -393], [-122, -314], [-27, -576], [79, -185], [35, -994], [210, -1257], [831, -2436], [577, -576], [23, -525], [-174, -500], [70, -231], [151, -315], [332, 235], [26, -497], [97, -131], [26, -1284], [-175, -838], [-647, -497], [-315, -1310], [258, -2693], [22, -948], [507, -2017], [210, -445], [-45, -527], [80, -469], [-182, -208], [-45, -394], [122, -1546], [105, -209], [63, 237], [39, -309], [-85, -321], [114, -969], [236, -776], [-140, -272], [-8, -498], [139, -1048], [272, -367], [271, 131], [87, -576], [525, -131], [52, 341], [-41, 612], [146, 95], [0, 655], [263, 367], [199, -1192], [378, -1088], [210, 53], [35, 367], [239, 89], [259, 723], [158, 0], [-53, 235], [123, 393], [166, -366], [52, 105], [149, -1441], [455, -289], [96, 53], [149, 550], [157, 26], [87, -707], [521, -525], [-5, -418], [114, -184], [140, 184], [96, -184], [33, -264], [-129, -653], [0, -445], [151, -389], [-102, -403], [112, -404], [-47, -612], [257, -641], [23, -773], [244, -760], [298, -472], [455, 62], [236, -1057], [1758, 943], [655, -236], [534, 2699], [44, 681], [558, 2527], [176, 407], [60, 667], [220, 748], [560, 2803], [306, 576], [17, -2122], [272, -3301], [306, -1519], [87, -1363], [-105, -183], [535, -1176], [-1, -632], [-79, -393], [88, -373], [-36, -334], [787, -760], [-157, -681], [-122, -1127], [415, -480], [39, -306], [341, -760], [62, -419], [367, -315], [157, -471], [796, -1074], [254, -734], [734, -393], [21, 321], [137, -164], [384, 615], [53, -301], [213, 97], [294, -1223], [245, -472], [744, -576], [-53, 235], [114, 79], [185, -1368], [156, -257], [306, -1126], [149, -236], [67, 144], [155, -338], [434, -1405], [175, 524], [113, 0], [850, -2718], [524, -1117], [434, -424], [-219, -781], [-372, -291], [54, -581], [879, -34], [453, -1143], [-218, -3120], [-295, -2736], [-88, 26], [23, 2247], [-264, 1005], [-472, 240], [329, -742], [38, -570], [-62, -744], [143, -458], [-203, -3949], [-5, -2244], [-121, -245], [29, -755], [-59, -293], [-157, 89], [194, -641], [182, -135], [101, -552], [288, -2464], [183, -3105], [-11, -261], [-223, -204], [-114, -682], [16, -976], [200, -882], [-258, -923], [-322, -346], [-198, -1104], [228, -1883], [60, -59], [26, 385], [68, -419], [-96, -1154], [-98, 598], [-226, -1736], [-418, -1395], [-422, 130], [81, 368], [-227, 314], [-657, 164], [-96, 672], [-337, 144], [-436, 583], [-540, -1320], [-147, 841], [-278, -77], [-181, -417], [15, -597], [-152, -455], [-475, 172], [-45, -319], [139, -1880], [-123, -315], [-201, 0], [-110, -431], [-394, -226], [-130, 238], [-278, 1184], [-95, 77], [-62, -331], [91, -2121], [-129, -763], [-320, -982], [-235, -25], [-176, -1481], [-384, -1203], [-238, 1336], [-151, 187], [-253, 16], [-100, -675], [44, -656], [-151, -241], [-469, 393], [243, 595], [160, 66], [-16, 183], [-196, -118], [-287, -674], [-120, 136], [-49, 548], [49, -727], [316, -473], [401, -168], [161, 188], [126, 1061], [75, -7], [209, -1317], [336, -131], [-204, -1188], [51, -564], [-82, -237], [-510, -230], [-85, -314], [-801, -1275], [-312, 820], [-117, 70], [-19, -198], [149, -135], [123, -768], [1344, 896], [461, 1282], [83, 992], [155, 494], [284, -604], [622, -654], [70, -288], [70, -1783], [175, -735], [-417, -101], [-235, -391], [-75, -407], [-262, 171], [-4, -181], [302, -173], [217, 676], [351, -39], [96, -735], [175, -445], [-8, -472], [671, -1947], [264, -361], [70, -315], [-48, -263], [328, -1625], [534, -3488], [-44, -629], [262, -288], [140, -1784], [0, -577], [-175, -970], [-717, -262], [-70, -341], [-262, -420], [-131, -760], [-359, -1154], [-26, -945], [166, -603], [489, -605], [106, 527], [166, 288], [192, -236], [402, -944], [105, -1705], [88, -315], [420, -183], [296, 124], [351, -754], [44, -498], [26, -2702], [131, -1259], [-52, -236], [-429, -472], [-472, -866], [-429, -1390], [-430, -737], [-80, -997], [-76, -160], [-228, -178], [-244, 182], [-36, -120], [235, -424], [-211, -1029], [-227, -602], [-464, -411], [-745, 16], [-81, -2463], [783, -1153], [-260, -811], [-99, -898], [90, 74], [193, 890], [387, 593], [675, 325], [140, -152], [136, 453], [1721, 1400], [707, -441], [8, -247], [251, -123], [449, -791], [243, 128], [34, -433], [258, 239], [57, -424], [149, 354], [411, -128], [221, 239], [181, -259], [232, 358], [504, 58], [216, 725], [479, 12], [228, 1256], [-124, 647], [-309, 609], [-162, 799], [-81, 1297], [111, 733], [1515, -4], [2399, -595], [632, 161], [885, 844], [764, 294], [561, 683], [379, 1014], [299, 1547], [-82, 1105], [-245, 887], [352, 1387], [177, 377], [26, 799], [384, 169], [504, 741], [455, 1205], [109, 960], [770, 782], [173, 1726], [221, -41], [307, 861], [119, -149], [94, 1063], [221, 679], [-207, 1461], [247, 25], [303, 753], [72, 542], [-80, 414], [116, 199], [61, -770], [684, -683], [449, -107], [167, 194], [-33, -737], [100, -699], [-23, -820], [102, -1220], [-50, -627], [105, -318], [-197, -503], [-87, 124], [-60, -18], [127, -79], [-76, -466], [19, -521], [-44, -67], [-30, 137], [-20, 10], [-71, -167], [58, -245], [-128, -107], [96, -14], [-7, -296], [13, 284], [-32, 72], [89, 66], [-8, 48], [38, 40], [-114, 145], [43, 22], [32, 141], [47, -208], [44, 138], [-9, 207], [315, -794], [109, -713], [214, -264], [-202, -1097], [47, 23], [41, -437], [-96, 189], [-70, -742], [-128, 70], [132, -142], [-165, -159], [171, 158], [66, 796], [87, -211], [15, 76], [-24, 214], [83, 70], [39, -883], [46, -27], [-58, -110], [54, -296], [-44, -282], [47, 275], [-54, 301], [56, 106], [-40, 187], [37, -17], [33, -288], [67, -116], [22, -459], [-8, 410], [-40, 151], [-39, 52], [-27, 259], [-44, 54], [-39, 541], [5, 329], [89, 3], [27, -187], [19, 34], [4, 107], [-16, -111], [-38, 182], [-89, -3], [-38, -190], [-63, 99], [160, 1034], [37, -51], [75, 147], [35, -135], [41, -14], [-49, -100], [78, -358], [-72, 358], [53, 97], [-54, 84], [171, 181], [-208, -85], [-73, -159], [-87, 236], [25, 96], [-144, -51], [-167, 879], [-268, 701], [1, 438], [220, 517], [-29, -502], [240, 257], [300, -149], [170, 269], [49, -149], [686, 1354], [198, -71], [47, -865], [-249, -857], [-52, -889], [91, -410], [-13, -575], [-121, -518], [-272, -364], [12, -907], [707, -3493], [602, -2028], [435, -961], [-72, -1332], [-531, -1768], [-353, 523], [-235, -13], [-82, 200], [-152, 1445], [-211, 631], [35, 711], [-272, 1312], [128, 690], [-142, -461], [5, 388], [-283, 1232], [280, -1297], [-19, -564], [-158, -62], [-66, 249], [65, -303], [203, -43], [0, -373], [46, 108], [168, -806], [-40, -674], [227, -881], [120, -1489], [505, -390], [61, -1958], [-202, 45], [-231, 472], [-117, -121], [-486, -2048], [-273, -468], [-73, 74], [40, -179], [-114, -297], [62, -621], [-53, -671], [-121, 17], [79, 408], [-30, 399], [-264, -432], [-118, 169], [22, 422], [110, 24], [-59, 238], [-59, 52], [87, 169], [-80, 284], [73, -297], [-84, -105], [-30, -229], [-161, 35], [178, -72], [41, 164], [76, -234], [-104, -2], [-32, -726], [-104, -1], [103, -61], [28, 299], [114, -179], [242, 446], [37, -320], [-93, -496], [112, -102], [97, 229], [30, 602], [104, 42], [17, -1004], [-72, -211], [-7, -327], [29, -80], [76, 80], [22, -146], [33, -46], [25, 2], [52, 121], [-44, -90], [-27, -18], [-40, 68], [-17, 124], [-84, -57], [-21, 129], [89, 439], [-16, 1300], [296, -439], [-239, 483], [-103, 44], [-91, -229], [-16, 434], [557, 1101], [367, 1705], [226, -648], [398, -41], [82, -228], [34, -918], [246, -182], [489, -1259], [308, -376], [25, -273], [309, 24], [95, -312], [151, -213], [207, -1516], [123, -397], [-83, -915], [47, -497], [136, 3], [157, -317], [110, -947], [510, 345], [17, -502], [324, -598], [441, -1317], [69, -482], [131, -176], [-255, -1341], [-311, -661], [-337, -293], [-31, -202], [-491, 32], [-38, -459], [-398, -366], [-154, 379], [2, -428], [-518, -564], [-36, -1355], [64, -104], [-139, -1066], [-158, -417], [-771, -573], [-49, 310], [-387, -231], [-161, -561], [-426, -820], [-84, 69], [-66, -277], [46, -397], [-539, -599], [-284, 350], [-74, 505], [-314, -528], [-99, 766], [-415, 796], [-57, 413], [34, 3588], [420, 1609], [-21, 289], [135, 857], [-199, 1150], [133, 993], [-262, -788], [243, -1143], [-92, -1049], [-381, -1423], [-133, -2141], [-455, -1261], [-308, -384], [-627, 139], [-384, -341], [-263, 708], [-420, -656], [307, -1128], [-377, -519], [-631, -10], [-1357, 1105], [-308, -741], [103, -84], [-266, -336], [-365, 86], [-26, -1154], [332, -630], [341, -1364], [542, -394], [-734, -1207], [-123, -525], [245, 0], [122, -367], [-122, -184], [-9, -629], [-288, -630], [61, -289], [664, 551], [272, -656], [-788, -341], [97, -499], [568, 79], [1277, -1023], [9, -1995], [-368, -26], [-498, -577], [393, -184], [62, -3438], [761, -209], [0, -394], [-110, -12], [-328, -1300], [96, -1103], [237, 1050], [1924, 184], [1110, 2126], [508, 157], [559, 2204], [1330, 1654], [419, -79], [-109, -1864], [39, -760], [341, -53], [97, -446], [288, -367], [717, 656], [35, 787], [193, 577], [734, -656], [333, -5012], [183, -1129], [298, -262], [-201, 1575], [1110, 1601], [79, 892], [-96, 1312], [-569, 1312], [-419, 2887], [446, 2125], [244, 53], [210, -342], [385, 420], [455, 893], [568, -473], [674, 315], [-945, 289], [-629, 2860], [690, 1889], [-463, -105], [-630, 2545], [265, 1113], [82, -36], [138, 418], [160, -51], [327, 387], [716, 342], [59, -272], [152, 86], [106, 683], [603, 759], [510, -163], [430, 413], [568, 1290], [524, 2237], [795, -1015], [79, -296], [84, 186], [236, -302], [487, -854], [91, -874], [0, -1048], [189, 325], [-35, 412], [326, 432], [1399, -577], [282, 325], [627, -640], [148, -505], [32, -863], [-183, -294], [-948, -494], [-100, -134], [53, -463], [357, 50], [467, 492], [333, 87], [71, -745], [-43, -162], [200, 134], [93, -897], [205, -922], [256, 502], [261, 65], [-34, 337], [151, 944], [-60, 635], [-231, 371], [-79, 380], [33, 616], [-102, 711], [82, 1661], [76, 243], [187, -100], [1749, -4194], [84, -236], [35, -717], [280, 53], [744, -1229], [67, -370], [378, -253], [983, -1466], [193, -531], [47, -957], [42, 388], [182, 242], [590, -846], [109, -349], [27, -525], [91, 314], [241, -115], [498, -1012], [210, -744], [45, -999], [-58, 150], [80, -628], [90, -90], [315, 334], [657, -1063], [2584, -5516], [283, -893], [10, -641], [183, -323], [339, 384], [236, -60], [213, -344], [1177, -4220], [246, -1359], [-31, -190], [-1078, -2247], [-428, -368], [-206, 104], [-66, -359], [-104, -2789], [271, -2100], [-95, -1532], [-349, -1580], [-57, -619], [-436, -659], [-293, -3268], [-146, -371], [262, -868], [-53, -528], [-562, 110], [77, -827], [204, -585], [57, 388], [311, -324], [139, -644], [-763, -1056], [505, 229], [-15, 183], [125, 212], [446, 59], [-112, 572], [147, 389], [135, 1207], [-26, 1860], [446, 150], [-176, 400], [789, 2203], [-81, 917], [120, 1056], [222, 525], [215, 27], [-66, 180], [-351, -134], [-79, 194], [97, 2170], [114, 478], [-100, 161], [439, 3961], [621, 1102], [577, 1418], [385, 420], [312, -144], [370, -408], [411, -787], [2860, -10210], [2466, -4935], [210, -919], [158, 499], [848, -577], [437, -945], [1015, -3465], [78, -945], [-380, -2639], [-54, -1246], [133, -4524], [-65, -162], [101, -610], [126, 191], [155, 727], [357, -309], [-315, 2432], [221, 1053], [69, 2922], [-103, 2768], [-122, 1234], [61, 236], [275, -114], [1369, -3115], [420, -1365], [1662, -2704], [953, -1286], [999, -2181], [447, -1800], [259, -1480], [-315, -394], [-367, -1391], [96, -1129], [324, 52], [420, -262], [175, 341], [201, 1365], [26, 1208], [-245, 1260], [157, 1077], [734, -248], [2913, -3586], [1854, -814], [1094, 237], [1390, 1418], [227, 1391], [-56, 521], [48, 529], [221, 1281], [1235, 644], [183, 243], [303, 1024], [149, -71], [44, 273], [238, 265], [2183, -2733], [2485, -7226], [623, -4403], [329, -5111], [9, -1283], [111, -387], [-167, -2269], [-256, -1842], [88, -1182], [-464, -1155], [-96, -1051], [262, -1733], [709, -1278], [75, -423], [-92, -381], [98, -91], [75, -782], [-24, -839], [-167, -384], [-96, 337], [-104, -45], [224, -661], [-75, -579], [69, -128], [-79, -222], [63, -665], [-123, -418], [41, -198], [148, 36], [-5, -298], [-127, -216], [-2193, -8975], [-184, 0], [-131, -1314], [-236, 0], [-2405, -5279], [-2790, -3126], [-647, -1230], [-2002, -1366], [-639, -1129], [-402, 210], [-4612, -3206], [-854, -388], [-675, -1087], [-978, -1066], [-717, -1622], [43, 368], [-812, -2662], [-193, -1003], [-288, 532], [-236, -291], [-872, -17], [-758, -751], [-160, -383], [-855, -726], [-670, -1044], [-2029, -3915], [-571, 240], [-116, -539], [-127, -184], [-74, 207], [24, 478], [-82, -115], [-95, 329], [-79, -813], [-203, -144], [-96, 250], [-86, 845], [-476, -558], [-396, 260], [18, -280], [-100, -380], [-436, 32], [-87, 294], [-136, -726], [-152, -73], [-57, -399], [-273, -295], [25, -398], [154, -13], [-64, -393], [-80, -40], [-175, 159], [-57, 277], [-181, -419], [-136, 0], [-87, 185], [-41, 730], [-151, 15], [-58, -271], [-116, 735], [-74, -212], [165, -743], [-9, -324], [-117, 37], [-256, -401], [-81, 182], [112, 930], [-91, 442], [-134, -569], [-43, 227], [-187, -297], [-108, 137], [-47, 407], [-160, -240], [-140, 427], [-216, -397], [-224, 714], [-473, 545], [-156, -491], [-139, 155], [-224, -319], [-539, 785], [-433, 1136], [-312, -1003], [-500, 1371], [-134, -1337], [-962, 1366], [-1635, -5465], [-2205, -67], [-1276, 4770], [-44, 4592], [-175, 1367], [-463, 1187], [-1303, 1905], [-20, 408], [-28, -115], [-149, 645], [30, 405], [-50, -620], [-119, 23], [-38, -306], [-188, 410], [-248, -114], [-175, 296], [-19, 309], [-110, -198], [-76, 394], [-260, 142], [2, 238], [-334, 287], [163, -288], [176, -881], [-29, -503], [-180, -401], [-421, 225], [-183, 309], [2, -636], [-20, 926], [-42, -228], [-205, 235], [-101, -185], [-21, 507], [-137, -422], [-276, 200], [-23, -392], [83, -46], [-89, 2], [-24, 296], [-123, -168], [-98, 360], [-176, -316], [-107, 171], [-18, 460], [-30, -255], [-138, -62], [-112, 391], [-337, -503], [47, -157], [-55, -191], [-192, 225], [-60, -919], [-70, 290], [-86, -106], [35, -641], [-143, 81], [105, -169], [-130, -549], [-182, 217], [99, -266], [71, -742], [-63, -549], [-271, 677], [-343, 156], [-212, -161], [113, -110], [108, 184], [395, -331], [18, -290], [-52, 25], [79, -602], [-116, -520], [-94, 24], [4, -256], [345, -641], [-22, -335], [-158, -295], [-314, -67], [-52, 604], [-109, -542], [23, -376], [338, 213], [95, -268], [-102, -597], [106, -295], [-350, -763], [-41, -972], [-666, 373], [187, 70], [45, 448], [113, -371], [-111, 1066], [-187, 79], [42, 426], [-53, 809], [55, 268], [-99, 650], [95, -4], [-113, 460], [241, 175], [-236, -28], [132, 868], [-227, -1114], [-110, -165], [-79, 194], [50, -210], [-80, -216], [174, 192], [64, -138], [-257, -975], [68, -283], [-27, -1215], [-142, -543], [63, -486], [-492, 80], [-71, 264], [-73, -103], [-59, 411], [-215, -192], [-21, 403], [-127, -77], [-18, 253], [-105, -296], [-97, 787], [-150, -185], [-9, -203], [-167, 173], [-67, -349], [-88, 164], [-173, -115], [-156, 645], [-154, 105], [-152, 503], [-175, -739], [123, 70], [174, -436], [-152, -64], [-121, -481], [-195, 14], [-13, -463], [-176, 228], [-77, -221], [26, -373], [-131, -82], [19, -239], [-129, -6], [-80, -293], [-29, 252], [-120, -235], [-8, 241], [-103, 77], [15, 549], [-42, -287], [-26, 296], [-130, -525], [-102, 4], [-53, -396], [54, -131], [-206, -400], [16, -900], [-191, -130], [-152, 239], [-134, -274], [117, -832], [-95, 39], [-93, 415], [-19, -347], [-114, -123], [-24, -645], [-249, -416], [-96, -584], [39, -455], [127, -303], [174, 268], [-91, -343], [32, -181], [338, 293], [22, -337], [-138, -461], [-307, -196], [-79, -313], [32, -233], [-99, 175], [-174, -106], [-13, -409], [-248, -135], [-104, -756], [-24, 932], [-528, -660], [105, -701], [105, -74], [-136, -384], [25, -264], [-116, -732], [32, -370], [-94, -12], [-154, -888], [-17, -463], [95, -506], [-148, -444], [-79, -73], [-214, 612], [47, 190], [68, -96], [54, 516], [-46, -79], [-132, 471], [-160, -261], [42, -167], [-302, -356], [-109, -369], [-97, 217], [-206, -59], [-146, -543], [-202, 67], [-129, 283], [186, 514], [1, 426], [-223, -83], [-215, -318], [-46, -320], [86, 362], [183, 232], [187, -82], [-332, -1144], [170, 95], [-48, -926], [94, -217], [61, -619], [80, 14], [105, -385], [279, -108], [-231, -942], [-23, -805], [93, -492], [-187, -108], [178, -204], [9, -592], [-226, -1011], [97, 330], [555, 100], [137, -280], [-111, -253], [49, -827], [43, 413], [-54, 463], [185, 264], [168, -308], [99, 60], [10, -182], [128, 674], [685, -394], [-137, -533], [277, -2125], [337, -1064], [421, -440], [246, -505], [153, -1312], [168, -509], [22, -1547], [110, -1078], [-62, -119], [39, -808], [-114, -1194], [-109, -138], [4, -197], [406, -1047], [8, -1198], [459, -1415], [16, -279], [-141, -774], [-137, -193], [189, -267], [145, 303], [64, -581], [149, 24], [226, -435], [294, 0], [44, -738], [-205, -375], [-28, -145], [64, -85], [-97, -738], [185, -617], [186, -97], [36, -327], [350, -133], [20, -931], [12, 496], [125, 109], [189, -230], [-40, -738], [85, -158], [441, 200], [-66, -647], [67, -145], [25, -1101], [418, -1271], [4, -883], [202, -1137], [120, 60], [101, -484], [101, -85], [157, 255], [241, -25], [157, 303], [185, -61], [391, -701], [382, -49], [65, -835], [-145, -1452], [16, -665], [137, -605], [330, -521], [165, -24], [-32, 327], [434, -145], [266, -496], [234, -85], [370, 85], [916, 768], [735, -710], [-9, -2497], [586, -2025], [603, -683], [350, -1209], [1260, 2208], [454, 105], [3630, -7864], [-240, -5105], [1976, 1341], [1557, -710], [1746, -4703], [134, -992], [42, 88], [293, -881], [85, 375], [112, -267], [-192, -169], [271, -229], [267, -1770], [-26, -311], [117, -163], [-225, -902], [434, -454], [40, 338], [111, 67], [406, -992], [165, -1632], [-1345, -5169], [-456, -329], [-361, 1846], [166, 1552], [-271, -290], [-245, 395], [-271, 2366], [-79, -1998], [-594, -158], [-114, -1262], [534, -605], [550, -2340], [-1824, -4436], [-442, 456], [133, 1219], [-473, -868], [53, -1446], [271, -2498], [-1259, 0], [-875, 636], [-88, 578], [-209, 311], [-761, -48], [-2138, -2118], [-893, -298], [-254, -789], [27, -843], [-534, -919], [-251, 672], [-437, -105], [-456, 406], [-357, 1777], [-621, 368], [-1024, -1604], [97, -1236], [390, -1198], [-454, -894], [-272, 1157], [-711, 747], [3, 1041], [-446, -1341], [-638, -348], [-376, 427], [-2703, -1289], [-1076, -1657], [-393, -1630], [-1709, -840], [-78, 158], [-9, 474], [-733, 503], [-875, -1079], [-484, -77], [-624, -499], [-242, 115], [0, -307], [-433, -307], [-1261, -2151], [-573, -1114], [-484, -1460], [-102, -38], [-76, 269], [0, -384], [-242, -116], [-38, 154], [-13, -230], [-917, -884], [-586, -998], [-573, -615], [-128, 77], [-267, -653], [-433, -384], [-688, -1229], [-255, 422], [-229, -230], [-433, 77], [-114, 384], [-344, 384], [0, 768], [-217, 730], [-331, 77], [102, 76], [-38, 192], [-102, -268], [-128, 76], [-229, 653], [-178, -230], [-179, 346], [-114, -116], [-26, 192], [-114, -230], [38, 346], [-64, 76], [-76, -307], [0, 499], [-89, -192], [-115, 231], [0, 230], [-89, -153], [-89, 192], [-293, -115], [-790, -1153], [-64, 154], [-12, -423], [-140, 154], [-204, -269], [-89, 154], [25, 346], [-127, 460], [-51, -384], [-548, -192], [0, 192], [-268, 421], [-180, 1401], [38, 295], [-118, -148], [-122, 361], [60, 175], [-91, -57], [-52, 337], [98, 288], [-66, 91], [113, 223], [-25, 189], [-96, 280], [-226, -344], [63, 397], [88, -20], [-273, 1796], [-360, -716], [-87, -90], [-35, 203], [3, 397], [144, 280], [-24, 379], [183, 258], [7, 212], [-769, 1296], [-428, 1039], [7, 439], [-188, 351], [-349, 415], [-534, -423], [-174, 450], [-108, 1223], [99, 532], [-269, 395], [-177, 1109], [499, -68], [-38, 385], [76, 115], [-153, -77], [-76, 499], [204, 1037], [-102, 154], [127, 192], [0, 230], [-140, 39], [-38, 230], [-26, -345], [-216, -77], [191, 883], [191, -346], [26, 231], [-77, 154], [140, 422], [-13, -384], [90, -192], [38, 307], [25, -461], [140, -38], [90, -346], [25, -499], [89, -192], [13, 346], [89, -269], [-216, 1152], [-77, 154], [-51, -192], [-89, 76], [-64, 576], [128, 308], [153, -154], [25, 231], [-153, 76], [-127, -230], [-153, 307], [140, 346], [-89, 115], [25, 346], [140, 115], [-76, 192], [-115, -77], [90, 538], [-128, -39], [-114, -1152], [-51, 269], [-191, -538], [102, 538], [-77, 115], [191, 269], [-76, 39], [12, 192], [-191, -346], [0, 230], [115, 39], [51, 307], [-191, 192], [102, 192], [0, 192], [-51, -115], [64, 384], [-166, -38], [217, 691], [25, -346], [166, -38], [0, 192], [-128, 0], [-63, 499], [114, 269], [-89, 307], [166, 39], [89, 422], [-166, -77], [13, 500], [-115, -576], [0, 345], [-89, 192], [-51, -1152], [-216, -230], [114, 576], [-51, 115], [-12, -230], [-77, 230], [-76, 845], [-166, 499], [51, 154], [-178, -192], [191, -1229], [-64, -231], [-140, 384], [38, -499], [89, -153], [-25, -308], [-89, 192], [-13, -461], [51, 39], [64, -615], [127, -77], [0, -230], [-51, -192], [-51, 307], [-140, -576], [293, -1037], [-115, -38], [90, -192], [-26, -231], [-115, 154], [26, -423], [-115, -38], [-38, -115], [64, -77], [-64, -115], [74, -599], [210, -632], [-116, -579], [-193, 188], [-143, -417], [407, -666], [-14, -627], [-236, -470], [-347, -257], [-1420, 1152], [-451, 2019], [-274, 787], [-652, 688], [-215, -282], [-578, 514], [-85, 1571], [-256, 686], [-247, -229], [-312, 686], [-663, 857], [-474, 1686], [-33, 1200], [279, 1786], [-221, -779], [-160, -135], [-148, -498], [-156, 40], [-400, 986], [-450, 3115], [-379, 614], [-762, -244], [-891, -1374], [-40, -1213], [-409, -181], [-221, -970], [-288, 404], [-141, 717], [80, 495], [-83, 354], [-205, -31], [-432, 566], [-191, -515], [-117, 121], [-466, -1990], [198, -869], [-67, -1394], [609, -219], [188, -1319], [5, -619], [194, 274], [19, -933], [-254, -899], [150, -555], [-16, -546], [211, -404], [100, 132], [171, -293], [278, 394], [288, -1455], [235, -111], [137, 121], [436, 1338], [482, -2222], [25, -829], [-315, -4497], [-105, -2708], [245, 131], [323, -289], [455, 263], [193, -263], [603, -1946], [105, -947], [-403, -259], [-228, 82], [316, -3066], [-70, -387], [-584, -691], [-544, -1123], [-516, -1631], [-168, -209], [-348, -1977], [-88, -1499], [-175, -868], [9, -1026], [187, -480], [118, 9], [272, -792], [394, -2420], [16, -1303], [-270, -249], [-1032, 2000], [-118, -431], [-466, 1408], [-549, 457], [-645, -315], [-797, -1732], [-232, 268], [-142, 677], [-175, -472], [-56, -709], [-210, -331], [-79, -425], [-1114, 1559], [-317, -205], [-237, 457], [-283, -142], [-85, 520], [-243, -378], [-74, -457], [-356, 142], [-260, 472], [-153, 0], [-345, 725], [-209, 15], [-17, 646], [-181, 331], [-6, 283], [-237, 709], [-159, -189], [-192, 441], [-62, 756], [62, 425], [-164, 1023], [-368, 425], [-249, 882], [-118, 898], [45, 299], [136, 0], [56, 220], [-17, 803], [-220, 473], [-232, 141], [-306, 551], [-130, -15], [-90, 614], [141, 819], [-277, 929], [-549, 771], [-463, -16], [-244, 567], [-435, 1528], [-108, 1070], [74, 536], [-96, 472], [-1471, 803], [-333, 740], [-283, 221], [-277, 803], [-210, 252], [-350, -551], [-142, 0], [-113, 724], [17, 567], [-249, 362], [-384, -173], [-153, 551], [-215, 331], [-209, 1401], [-40, 1417], [-509, 1323], [-260, 1448], [-243, 804], [-764, 1275], [-56, 960], [-113, 284], [-181, 16], [-345, -599], [-396, 32], [-170, -268], [-147, -834], [-328, -615], [-40, -614], [-198, -330], [-237, -1622], [-255, -772], [-220, -252], [-458, 425], [-521, -314], [-464, 173], [-175, 283], [-73, 441], [80, 701], [-226, -150], [-47, 378], [-118, 189], [-34, 504], [-266, 157], [-243, -362], [-266, -79], [68, -566], [-102, -536], [-475, 189], [-204, -393], [-413, -284], [-226, -850], [-441, -299], [-622, 393], [-181, -220], [-317, 16], [-656, 330], [-351, 347], [-198, 519], [-294, -47], [-656, 740], [-622, -803], [-164, -834], [-243, -2410], [-119, -267], [-577, 220], [-153, 410], [85, 1873], [-28, 1355], [-102, 362], [-818, -553], [-741, 352], [-170, -592], [-263, -465], [-308, 1358], [-291, 511], [-9, 771], [-563, 611], [-153, -464], [-222, 665], [-230, -105], [-162, 358], [-119, -104], [-308, 794], [-170, -182], [-384, 510], [-451, -262], [-355, -1570], [-441, -1238], [-434, -262], [-127, -926], [-212, -208], [-153, -438], [-290, 331], [-170, -207], [-170, 203], [-366, -29], [86, -744], [-356, -1032], [-589, 688], [-384, 766], [-241, 1539], [-282, 691], [-247, 75], [-449, -1778], [-382, -338], [-206, 691], [-164, 1412], [-18, 873], [-240, 974], [-324, 613], [-87, 1104], [-641, 1354], [-238, 832], [-156, -296], [-137, -744], [-277, -244], [2, -2027], [-336, -1545], [-62, -926], [-382, -727], [-467, -210], [-68, -426], [-329, -369], [-97, -625], [-146, -51], [-106, -369], [-491, 1028], [-543, 62], [-147, -323], [-591, 2033], [-799, -1454], [25, -949], [-392, 602], [-151, -607], [-378, 170], [-186, -414], [-355, 670], [-163, -426], [-283, 1104], [-19, 424], [239, 1612], [-254, 1216], [10, 1039], [-98, 880], [-207, 318], [-145, -34], [-498, -948], [-452, 295], [-568, 3538], [-388, 1613], [-166, -176], [-89, -1243], [38, -983], [-92, -398], [-349, -664], [-320, 91], [-86, -773], [-547, -795], [-252, -2862], [0, -852], [-113, -738], [183, -920], [363, -801], [-130, -1880], [-672, 420], [-232, -62], [-267, -460], [-347, 113], [-431, 660], [-138, 1000], [-137, 255], [-85, -155], [-307, 330], [-33, -488], [-127, -233], [71, -1592], [-161, -567], [-145, -105], [113, -1077], [-237, -979], [-570, -444], [-169, -490], [-221, -234], [-154, 332], [-179, -130], [-466, -1393], [-222, 228], [-163, 795], [27, 4162], [-60, 487], [-273, 511], [-61, 539], [-502, 71], [-823, 3021], [-27, 1027], [-248, 640], [-136, 101], [-374, -390], [-93, -361], [-154, 306], [-112, 744], [-2, 1079], [-146, 692], [-401, 509], [-85, -207], [-230, 254], [-61, 487], [-563, 1072], [-222, -2], [-340, -364], [-101, -361], [-732, -87], [-238, -388], [-16, -540], [-203, -953], [-621, -393], [-512, 456], [-644, -1704], [-281, -3], [-349, 226], [-281, -106], [-360, 1408], [-46, 1037], [-207, -297], [-1227, 871], [-922, -816], [-159, 566], [-1157, 148], [-98, 266], [-128, 1042], [-197, 254], [-334, -2807], [-135, -3556], [82, -1026], [-35, -406], [-659, -441], [-356, -870], [-373, 366], [-252, -741], [-548, 1151], [-313, -1194], [56, -992], [-318, -249], [-202, -1382], [-312, -379], [-249, -917], [-129, -2373], [-147, -1323], [-239, -609], [-227, -172], [-449, 363], [-708, 1530], [-431, 203], [-447, 742], [-179, 1342], [109, 2503], [-156, 741], [78, 441], [-61, 359], [-727, 726], [-557, -23], [-175, 589], [88, 621], [-47, 792], [-704, 314], [-219, 553], [-210, -300], [-316, 265], [-148, 805], [-708, -688], [-158, 712], [-141, 206], [-296, -189], [-129, -417], [-286, 194], [-252, -547], [-368, 118], [-361, 1070], [-119, 899], [-304, 712], [37, 964], [-320, 1994], [-304, 253], [-98, 358], [-378, -494], [-135, 200], [-179, -294], [-462, 24], [-330, -1464], [0, -1047], [-142, -535], [105, -547], [-74, -1417], [164, -800], [-160, -359], [-72, -752], [-320, -435], [160, -312], [-64, -3075], [109, -1745], [172, -871], [1, -591], [-331, -621], [-348, -339], [-307, -4], [-144, -413], [-83, -901], [83, -1642], [-162, -929], [-248, -88], [-257, -735], [-507, -188], [-24, -341], [271, -3023], [-577, -1546], [-378, 147], [-476, -829], [-162, 1029], [-103, 1617], [-353, 523], [-645, 41], [-342, 629], [-220, -106], [-70, -1670], [-250, -1029], [-177, -1722], [-322, -859], [-333, 41], [-348, -570], [-263, -2840], [-518, 611], [-390, -164], [-307, 417], [-95, -164], [-320, -1917], [-489, -1841], [8, -882], [-151, -200], [-74, -488], [-99, -1370], [29, -1417], [-144, -282], [201, -959], [-4, -364], [-211, -1023], [-232, -147], [6, -1359], [-103, -594], [-152, 190]], [[898696, 949075], [80, 1021], [-124, -57], [-85, 213], [33, 638], [-118, -14], [-133, -596], [-161, 525], [-251, -113], [-100, 808], [0, 412], [180, 383], [67, -14], [47, -554], [90, -85], [450, -227], [124, 156], [-460, 1334], [-285, -270], [-109, 213], [-180, -71], [14, 738], [-66, 127], [152, 497], [161, 28], [99, 270], [-142, 681], [185, 624], [76, -185], [479, 525], [441, -227], [14, -553], [80, -28], [-180, -241], [-9, -270], [194, 184], [90, -184], [81, 213], [104, -241], [66, 354], [214, -14], [-119, 1021], [85, 284], [432, -624], [80, -511], [195, 185], [-15, -710], [-80, -312], [398, -141], [109, 198], [-5, 468], [81, 114], [137, -440], [176, -128], [135, -439], [0, -426], [-90, -255], [109, -454], [-270, -369], [19, -284], [284, 114], [218, 624], [261, -1192], [175, 29], [-38, -398], [-161, -78], [28, -248], [-99, -227], [180, -298], [38, -454], [-322, 43], [-81, -312], [-204, -128], [-71, -610], [-313, 57], [-384, 1007], [-260, -213], [350, -865], [-42, -412], [90, -695], [-157, -71], [-75, -439], [-674, -1036], [-346, 383], [-303, 950], [-235, -99], [-165, 681], [-133, 14], [-56, 696]], [[886648, 958354], [206, -254], [296, 143], [248, -830], [-249, -585], [-368, -303], [-476, 1232], [242, 711], [101, -114]], [[891271, 965655], [-86, -391], [-340, 41], [-300, -539], [-186, 366], [110, 882], [529, 173], [467, 1731], [530, 340], [-5, -264], [-192, -228], [0, -565], [215, 106], [39, -335], [-103, -797], [-153, -296], [299, -155], [-299, -926], [-192, -1326], [-410, -25], [-177, 876], [51, 303], [134, -20], [102, 249], [-33, 800]], [[893093, 970526], [576, 369], [68, -414], [-15, 417], [671, 948], [129, -700], [295, -11], [-196, -406], [144, -203], [-128, -613], [36, -393], [-85, -394], [-384, -211], [-141, -335], [-44, 467], [-312, -24], [-491, -1119], [-82, -679], [-447, -198], [-75, 489], [316, 1341], [-91, 301], [21, 668], [235, 700]], [[900781, 975342], [12, 255], [324, 162], [152, -96], [52, -314], [175, -261], [394, -299], [-66, -274], [-826, 128], [-175, 314], [-42, 385]], [[900719, 979539], [159, 362], [108, -370], [229, -5], [272, 364], [158, -587], [-89, -721], [-177, -445], [-227, 289], [-217, -237], [-40, 286], [-153, -290], [-132, 496], [109, 858]], [[900623, 981746], [135, -224], [27, -740], [-57, -516], [-118, -46], [-18, -669], [-119, -392], [-43, -589], [-222, -672], [-56, -1856], [-60, -461], [-90, -28], [-169, 306], [124, 2110], [-587, 249], [-74, 1050], [138, 41], [-4, 276], [124, 90], [103, 642], [146, 216], [-30, 359], [181, 450], [60, -144], [167, 231], [163, -97], [279, 414]], [[901514, 985972], [122, 157], [403, -628], [0, -393], [-254, -837], [-289, 733], [18, 968]], [[899321, 991143], [117, 206], [93, -89], [-21, -286], [133, -538], [-82, -459], [-211, -201], [14, -1077], [-138, -580], [-194, 406], [-53, 676], [152, 470], [21, 987], [169, 485]], [[877015, 975963], [136, 396], [83, -76], [121, 707], [-38, 198], [90, 231], [207, 2561], [4, 1140], [-81, 539], [297, 1074], [146, 1358], [349, 1198], [20, 1075], [-117, 66], [192, 415], [241, 1806], [27, -217], [56, 129], [49, -162], [526, 124], [269, 644], [234, 1341], [86, -167], [318, 122], [24, -919], [146, -394], [506, -179], [6, 192], [424, 609], [120, 591], [494, 377], [734, 1655], [892, 994], [367, 1988], [280, 3087], [332, 784], [385, -628], [245, -1203], [420, -4185], [-227, -1831], [52, -2616], [-245, -2354], [-280, 209], [-734, 1517], [-105, 1465], [210, 1047], [-787, 732], [-193, -262], [-490, -1935], [-70, -3349], [333, -575], [157, 104], [385, -2093], [105, -1831], [-245, -52], [-717, 785], [-700, 104], [-489, -575], [-368, -2093], [-1049, 1308], [-518, -107], [-136, 494], [225, -37], [120, 247], [-5, -207], [91, -87], [294, 130], [33, 207], [-105, 170], [-136, -104], [-142, 632], [-84, 33], [-10, -366], [-92, 320], [-123, -54], [194, -664], [-308, -110], [-49, 127], [71, 52], [-56, 175], [31, 284], [-112, 9], [0, 324], [-170, 37], [68, -461], [-82, 57], [57, -322], [-68, -452], [45, -410], [98, -71], [-105, 23], [16, -356], [-85, -171], [114, -414], [-86, -21], [23, -380], [156, 372], [-45, 473], [76, -358], [-24, -407], [-204, -742], [-80, 99], [95, 265], [-44, 290], [-382, 119], [-445, 507], [-74, 226], [18, 281], [-47, -320], [13, -593], [-337, -283], [23, -189], [-110, -131], [-17, -627], [-193, -520], [-88, -746], [-59, 14], [199, -222], [334, 243], [106, -202], [315, 590], [81, 578], [-47, 72], [177, 308], [99, -258], [-28, -684], [415, -593], [37, -371], [-107, -336], [-325, -331], [-105, 101], [-135, -265], [-207, 124], [-5, -204], [253, -172], [110, 154], [214, -631], [-289, 371], [-324, -57], [-15, 895], [-166, -117], [32, 580], [-455, -685], [-274, 254], [-148, -253], [-61, -932], [415, -106], [468, 476], [65, 335], [94, -142], [-163, -878], [-161, 356], [-72, -183], [107, 101], [38, -239], [-229, -322], [-163, -575], [-177, -115], [-68, 622], [-282, 186], [-28, 346], [102, 948]], [[887388, 963982], [57, 491], [220, 370], [14, 1666], [145, 724], [-36, 423], [-108, 225], [-19, 743], [93, 774], [220, -31], [33, 462], [172, 252], [49, 1407], [-745, -261], [-44, 171], [161, 442], [-3, 496], [-418, 133], [-35, 570], [-4, 588], [214, 992], [344, 270], [103, 1201], [-187, 296], [-186, -204], [-262, 219], [130, 468], [-59, 412], [96, 195], [-22, 539], [139, 582], [-13, 1987], [233, 735], [92, 682], [35, 1679], [142, 637], [-228, 2036], [-198, 2961], [340, 267], [179, 699], [90, 9], [198, 574], [-60, 342], [230, 0], [36, -514], [294, 155], [61, 430], [-38, 489], [148, 324], [231, 184], [15, -257], [188, 169], [456, -415], [173, 269], [167, 980], [218, -550], [254, 307], [460, 1273], [-156, 938], [275, -145], [253, 881], [239, 217], [213, 1456], [-30, 479], [164, 424], [173, -118], [-76, -487], [286, -739], [361, -167], [289, 396], [259, 985], [213, 35], [-55, 724], [162, 419], [341, 201], [33, -490], [305, -667], [377, -213], [218, 785], [139, 19], [256, 463], [961, 554], [415, -808], [1103, -1135], [444, -39], [200, 370], [84, -70], [137, -437], [202, -1821], [150, -143], [71, -875], [268, -803], [-112, -1361], [-513, -1005], [17, -303], [-141, 8], [-49, 363], [-90, -90], [58, -305], [-314, -1161], [109, -515], [-38, -509], [-334, -1771], [-260, -818], [15, -890], [-90, -164], [146, -274], [67, -682], [400, 383], [172, -8], [75, -401], [-170, -362], [-106, 82], [-457, -920], [-119, 24], [-104, -440], [121, -401], [6, -760], [135, -163], [243, 261], [127, -290], [358, 11], [-69, 672], [175, 59], [108, -516], [-114, -843], [-225, -647], [152, -336], [218, -95], [-204, -414], [-33, -440], [-183, -116], [142, -556], [-334, -1652], [-261, -569], [-232, -160], [31, -349], [-136, -434], [26, -264], [-281, -465], [183, -388], [100, -789], [-108, -358], [-651, -775], [-194, 519], [108, 849], [147, 160], [-59, 410], [142, 834], [-63, 882], [69, 478], [-6, 977], [187, 1320], [-185, -275], [-65, 285], [-141, -398], [89, -336], [-114, -311], [6, -812], [-126, -40], [23, 575], [-100, 171], [-149, -93], [50, -455], [-104, -223], [89, -434], [-303, -777], [-514, -2947], [-319, -30], [-62, 704], [-78, 36], [-410, -426], [-562, -225], [-337, 661], [-782, -718], [-282, -808], [-370, -82], [-458, -783], [-579, -1732], [-167, 21], [-435, -1022], [-700, -819], [-33, -545], [-200, -211], [-167, -638], [-192, -101], [-201, -414], [-399, 114], [-26, -283], [129, -487], [-184, -1047], [297, -456], [-76, -990], [-68, 67], [-60, -232], [88, -146], [-221, -386], [-11, -495], [-562, -1562], [-142, 370], [200, 1088], [-8, 1242], [74, 158], [-263, -70], [-442, 1376], [-68, 76], [-118, -316], [-88, 392]], [[542931, 124391], [-198, 341], [-220, 860], [-46, 786], [46, 373], [229, -215], [367, -882], [42, -1271], [-220, 8]], [[596328, 232958], [26, 2240], [-96, 1950], [-222, 1056], [-214, 931], [-299, 780], [-1170, 1931], [-195, 493], [-78, 598], [-87, 2775], [76, 1997], [487, 6126], [0, 1084], [-318, 2929], [59, 355], [-139, 1278], [66, 368], [105, 80], [-195, 381], [-339, 2750], [-742, 12808], [-28, 2004], [96, 656], [-136, 607], [68, 3454], [159, 868], [-155, 1076], [15, 744], [86, 2039], [267, 3361], [355, 2378], [953, 4672], [850, 1570], [410, -247], [467, -1081], [815, -6189], [399, -1591], [666, -1569], [193, -2160], [-54, -502], [-252, -762], [-168, -1794], [262, -12699], [-87, -3269], [-236, -2990], [-52, -4584], [157, -4163], [-112, -4472], [104, -824], [694, -2656], [171, -1454], [228, -5612], [253, -2872], [237, -1371], [577, -1607], [-166, -1476], [-345, -655], [-871, 866], [-761, -369], [-341, -948], [-227, -2266], [-167, -448], [-201, -106], [-612, 2187], [-236, 1344]], [[598794, 286363], [-288, 4399], [-254, 1001], [822, 1817], [289, 185], [-402, -4847], [-79, -2160], [-88, -395]], [[805311, 633831], [343, -1356], [672, -989], [1339, -790], [777, 21], [355, 60], [1016, 1447], [714, 1399], [414, 224], [912, 1350], [669, -233], [201, 505], [326, -942], [294, -1154], [787, -1697], [221, -2981], [-98, -914], [-7, -1827], [-70, -651], [297, -1044], [284, -996], [276, -3380], [-6, -715], [-135, -927], [89, -1168], [180, -1786], [325, -1010], [242, -234], [-16, -2109], [48, -1326], [106, -440], [-101, -906], [156, -1010], [9, -1107], [-83, -900], [62, -226], [-7, -2027], [-121, -1100], [-185, -742], [-645, -350], [-181, -412], [-54, -1533], [-263, -1010], [-39, -1223], [-254, -1037], [-188, -2893], [-256, -1113], [-205, -2797], [-165, -701], [-183, -1649], [-242, -488], [-407, -1333], [-259, -1203], [-144, -124], [-295, -1353], [-509, -385], [52, -674], [-338, -1168], [-14, -1065], [-158, -1066], [-503, -2357], [-50, -1766], [329, -639], [83, -571], [256, -584], [146, -1340], [325, -399], [146, -536], [-140, -1429], [-228, -915], [260, -1168], [275, -570], [80, -454], [-117, -1361], [249, -584], [142, -1011], [-276, -1718], [153, -1182], [-206, -454], [-181, -103], [-203, -866], [-332, -213], [-27, -1203], [32, -358], [432, -1381], [318, -1698], [194, -282], [53, -1320], [322, -893], [71, -1107], [174, -461], [94, -1732], [20, -523], [-165, -838], [62, -1911], [-238, -1176], [135, -866], [-103, -949], [-11, -2102], [145, -540], [930, -306], [-106, -1419], [66, -632], [270, -826], [243, 509], [399, -129], [288, 1011], [261, -866], [208, -337], [235, 117], [190, -502], [549, -660], [169, -1176], [167, -405], [27, -2544], [201, -681], [58, -949], [-224, -1072], [2, -798], [-165, -378], [14, -722], [69, -337], [-94, -543], [-268, -461], [-71, -1292], [-299, -509], [-105, -1073], [-375, -797], [-266, -1080], [-27, -268], [290, -371], [35, -289], [0, -1114], [-135, -255], [20, -577], [-89, -667], [76, -633], [-71, -1306], [142, -757], [43, -880], [-332, -1643], [-292, -619], [80, -935], [-101, -743], [55, -488], [416, -48], [112, -757], [19, -1575], [333, -460], [64, -1328], [-210, -1760], [-50, -495], [361, -612], [231, 103], [149, 742], [629, -1224]], [[816686, 501197], [239, -443], [119, -1034], [-124, -1218], [99, -411], [4, -865], [-125, -858], [-4, -641], [-185, -606], [-14, -782], [-136, -323], [-53, -823], [-127, -359], [39, -423], [-130, -653], [-180, -2011], [-329, -894], [68, -1294], [-64, -1029], [-119, -417], [21, -535], [-103, -882], [60, -1047], [-18, -2019], [-180, -997], [-7, -549], [-229, -1124], [-3, -884], [-132, -229], [-37, -496], [-249, -316], [-280, -1673], [-605, -1556], [-347, 462], [-601, -121], [-240, 233], [-112, 399], [-309, -491], [-186, 87], [-633, -3233], [-200, -282], [-321, 82], [1063, -3277], [224, -2023], [258, 195], [245, 715], [142, -49], [45, -1323], [266, -851], [203, -82], [163, 287], [377, -248], [132, -1075], [-32, -1682], [-103, -530], [-39, -1012], [145, -1142], [-253, -2495], [-95, -753], [-206, -647], [17, -530], [-229, -2101], [-367, -1094], [-153, -1240], [-124, -277], [-60, -899], [130, -180], [50, -618], [-290, -1342], [73, -802], [-218, -292], [-290, -1094], [148, -2859], [-206, -642], [-100, -690], [208, -740], [135, -1259], [111, -253], [-74, -272], [-1, -1352], [-395, -1259], [-105, -963], [32, -933], [218, -1240], [-202, -389], [-64, -2359], [129, -710], [250, -714], [113, -842], [-62, -437], [-216, -482], [107, -851], [-171, -753], [-24, -919], [180, -613], [66, -1522], [479, -1546], [15, -1259], [183, -336], [599, -58], [-12, -1133], [457, -3744], [-16, -1644], [-205, -1527], [66, -807], [-37, -904], [205, -1225], [267, -686], [-1, -618], [-99, -466], [270, -1785], [41, -753], [254, -375], [-10, -1308], [293, -709], [-14, -944], [177, -476], [323, -336], [396, -1473], [-108, -457], [-269, -258], [-77, -471], [22, -540], [-406, -933], [-45, -598], [-171, -248], [-90, -535], [-573, -642], [-167, 496], [-18, 1011], [-179, 521], [-194, 2717], [-183, 1119], [-294, -39], [-243, -404], [-170, 618], [-441, 340], [-92, -121], [-253, -2495], [-91, -2241], [-288, -200], [-89, -1055], [-398, -1074], [-53, -1065], [-307, -408], [115, -598], [-15, -384], [-187, -1133], [-248, -691], [-298, -2003], [47, -1745], [193, -759], [-81, -413], [47, -651], [-56, -1561], [-53, -243], [-170, 9], [-45, -544], [-200, -661], [-362, -83], [-113, -1638], [130, -453], [-137, -1084], [224, -1031], [132, -1244], [-132, -379], [-209, -93], [-126, -656], [-210, -2739], [155, -801], [382, -742], [42, -271], [-60, -850], [286, -138], [30, -213], [-66, -647], [23, -1319], [-133, -227], [-240, 19], [-135, -825], [12, -1136], [-108, -1428], [95, -1546], [157, -850], [295, -450], [357, -128], [149, -415], [238, 143], [540, -1393], [266, -64], [163, -287], [161, -1358], [-146, -242], [-91, -1265], [-243, -84], [3, -504], [-180, -914], [-437, -94], [-187, 361], [-149, -99], [-251, -1122], [-262, -2885], [-519, -632], [-122, -732], [84, -978], [-236, -1339], [116, -528], [36, -2214], [169, -1072], [-21, -1684], [-380, -1152], [-108, -1190], [-235, -356], [-95, -647], [-169, -132], [-231, -838], [-308, -421], [-304, -1922], [-19, 776], [-1529, 1358], [-325, -578], [-205, -57], [-186, -1401], [-205, -161], [-87, 464], [-223, -6], [-221, -885], [-194, -2116], [-242, -637], [-194, -173], [-306, -1542], [-462, -523], [-285, 39], [-143, 242], [-170, -49], [-118, 445], [-123, 89], [-142, -223], [-104, -504], [-388, 410], [-239, -256], [-408, 0], [-290, -781], [-279, 316], [-485, -524], [-275, 455], [-98, 484], [108, 1769], [-159, 706], [-181, 1516], [-19, 931], [-466, 919], [-292, 303], [-122, 825], [67, 726], [-87, 619], [-172, -5], [-156, 928], [-223, -6], [-450, 1489], [-116, -1710], [-221, -782], [-149, -2074], [-377, -476], [-391, -2350], [-273, -1016], [11, -2174], [-142, -296], [-20, -956], [-173, -905], [-285, -778], [-241, -81], [-517, -833], [-567, 248], [-414, -239], [-871, -2463], [-259, -1319], [-929, -325], [-492, -1683], [-396, -651], [-78, -748], [58, -2422], [-181, -930], [162, -1106], [17, -1185], [-603, -912], [-199, -1575], [-569, -1221], [-9, -618], [-517, -1658], [-594, -448], [-638, -1093], [275, -794], [1477, -2758], [233, 468], [697, -91], [223, -692], [317, -1747], [-715, -1635], [-70, -620], [59, -2550], [159, -936], [-34, -770], [-965, -2609], [-136, -34], [-82, -386], [-636, -855], [-47, -311], [-195, -15], [-87, -602], [31, -1033], [-206, -1042], [-177, -163], [75, -361], [-13, -469], [382, -267], [174, -875], [126, -44], [128, 272], [135, -297], [14, -528], [-253, -608], [-21, -603], [300, -1793], [111, -1754], [120, -549], [-182, -34], [-120, -445], [-127, -5], [-68, -593], [50, -1067], [-202, -350], [-360, -1315], [-279, -341], [-211, 15], [-190, -1126], [142, -1344], [369, -366], [83, -474], [331, -118], [104, -855], [-51, -1033], [341, -711], [421, 706], [547, -449], [250, 1082], [-21, 578], [246, 953], [185, 148], [213, 569], [396, -336], [458, 1057], [163, -440], [286, 15], [155, -1853], [370, -439], [164, -465], [44, -1413], [367, -632], [210, -781], [293, 50], [-37, -707], [270, -380], [131, -1048], [-185, -1091], [228, -964], [57, -603], [256, -79], [455, -849], [339, 459], [239, -1228], [-3, -3388], [-816, -2317], [-543, -551], [-152, -984], [-344, -183], [-321, -1289], [-469, 1013], [-39, 321], [-226, 281], [-200, -336], [-215, -69], [-347, 257], [-519, -593], [-721, 124], [-282, -277], [-79, -459], [-275, -573], [-295, -1804], [-375, -346], [-231, 297], [-238, -1986], [-342, -223], [-52, -869], [-128, -420], [26, -400], [-213, -860], [79, -1235], [-43, -400], [108, -677], [-221, -865], [-464, -168], [-85, 391], [-547, 148], [-120, 272], [-260, -435], [-187, 543], [-600, -459], [-90, -302], [-46, -1412], [230, -1087], [-254, -218], [-128, 741], [-346, 232], [-145, -1472], [-274, -311], [-182, -2194], [-205, -197], [-440, 113], [-331, -484], [-61, -701], [-409, -1384], [-263, 84], [-631, 1789], [-159, 74], [33, 514], [-176, 444], [-255, 119], [-139, -450], [-217, 104], [10, -988], [-185, -306], [-20, -820], [-136, -149], [-68, -370], [45, -954], [-281, -2697], [60, -726], [-34, -574], [108, -1200], [205, -242], [229, -731], [469, -895], [18, -597], [-200, -900], [-398, -983], [-605, 376], [-214, -361], [-187, 49], [-100, -889], [-347, -1186], [-505, -1180], [-79, -445], [-485, -321], [-126, 657], [-529, 1500], [-408, -1362], [-632, 531], [-407, 942], [-367, -1344], [-245, -430], [-572, -277], [-536, -687], [-316, 943], [-44, 947], [-362, -6], [-405, -1384], [-285, -435], [-136, -623], [184, -1628], [-77, -499], [-422, -1077], [-136, -658], [52, -573], [-102, -1245], [14, -1467], [-549, -738], [135, -1082], [88, -2437], [-183, -2848], [-2, -2032], [270, -2164], [767, -1884], [397, -1869], [106, -864], [-213, -628], [-198, -187], [-129, -662], [-187, 74], [-138, -875], [175, -617], [163, -119], [304, -1561], [92, -1008], [-585, -627], [-205, 29], [37, -1522], [337, -1531], [59, -706], [188, -312], [89, -1428], [126, -242], [408, 756], [454, 55], [249, 612], [170, 114], [66, 385], [576, 870], [243, 128], [257, 598], [292, -736], [619, 122], [230, -479], [184, -940], [-94, -2280], [-519, -583], [54, -1803], [-115, -1201], [-96, -296], [34, -460], [-147, -672], [-434, -632], [-22, -682], [-396, -746], [-36, -2920], [159, -370], [-92, -845], [193, -781], [149, -365], [210, 197], [146, -311], [37, -825], [395, -464], [56, -633], [252, -449], [79, -895], [-649, -835], [-65, -291], [9, -702], [-268, -504], [-164, 50], [-95, -578], [-803, -450], [-509, 381], [-453, -554], [-175, 79], [-90, -454], [102, -860], [-63, -489], [-100, -346], [-240, -197], [-300, -855], [-112, -1072], [-280, -524], [89, -1294], [-254, -480], [-297, -266], [-172, 69], [-113, 361], [-88, -252], [-628, 242], [15, 943], [-293, 267], [-528, 1186], [-352, 410], [-92, -277], [-436, -400], [-54, -726], [-206, -351], [-610, -282], [148, -864], [303, -766], [51, -2011], [-392, -568], [-83, -390], [-161, -74], [-193, -979], [-316, 183], [-76, -1126], [-147, -435], [-234, 15], [-145, -381], [179, -83], [305, -1018], [286, 341], [79, -1295], [280, -1452], [-38, -2337], [-255, -929], [-190, -296], [352, -1132], [-108, -751], [15, -810], [439, -2530], [-43, -424], [54, -1018], [-277, -1112], [-68, -642], [122, -3192], [-149, -2317], [-503, -1890], [-740, -4247], [-1934, -6446], [-366, -188], [-755, -1536], [-640, -638], [-53, -1635], [179, -1043], [-344, -577], [-295, -3375], [185, -291], [51, -603], [178, -524], [39, -936], [-104, -2299], [-323, -2021], [-545, -1370], [-111, -549], [-303, -4373], [-217, -439], [-444, -390], [-137, -1268], [-167, -809], [-141, -207], [-99, 886], [-191, 251], [-1093, 216], [-536, 1012], [-818, 2551], [-374, 1900], [-253, 454], [-96, 578], [-320, -612], [-440, -153], [-341, 321], [-493, 1487], [-470, 316], [-536, 1265], [-836, 1240], [-236, 800], [-396, 390], [-126, 1127], [-231, 484], [-241, -331], [-210, 94], [-680, -519], [-23, -212], [159, -588], [-59, -1453], [-313, -1359], [-625, -251], [-163, -672], [-490, 163], [-945, -741], [-239, -307], [-64, -543], [-1183, -1033], [-182, -459], [-147, -1334], [-110, -371], [-237, -39], [-744, -825], [-215, 34], [-241, -286], [-951, 188], [-95, -183], [-112, 336], [-352, -707], [-162, 79], [-107, -583], [25, -919], [-161, -44], [-106, -647], [-484, -1433], [-13, -1136], [-544, -924], [-298, -74], [-154, 973], [-16, 721], [-369, 306], [-192, 776], [-311, 144], [-332, 983], [-421, 607], [-348, 386], [-180, -94], [-131, 1304], [-252, 425], [-223, 1428], [-326, 514], [-257, -60], [-110, -242], [-698, 20], [-103, -687], [-187, -375], [-544, -119], [-156, 1072], [-254, 623], [-293, -465], [-185, 94], [-80, -222], [-377, 410], [-1047, -1250], [-269, 74], [-272, -879], [-815, -153], [-215, 321], [-549, -697], [-380, 227], [-558, -969], [-726, 874], [-449, 131], [-278, -401], [-123, -848], [-221, 278], [-475, -206], [-451, -934], [-242, -1170], [-175, -2006], [-366, -222], [-296, -712], [-439, 124], [-200, 491], [-155, -101], [-352, -1181], [-699, -649], [-298, -822], [-109, -776], [-161, -330], [-443, -307], [-344, 213], [-493, -33], [-92, -540], [39, -570], [-279, -289], [-559, -105], [-216, -683], [-379, -412], [-83, -499], [-309, -555], [452, -1110], [78, -427], [264, -173], [31, -840], [-105, -1459], [27, -1110], [-239, -851], [-15, -990], [-302, -1785], [-436, -1237], [-1177, -1159], [-516, -810], [-720, -757], [-74, -529], [-292, -717], [-301, 192], [-429, -469], [-182, 26], [-132, -596], [-671, -150], [-336, -810], [-627, 225], [-124, -1110], [-404, -1493], [-158, -948], [-627, -1391], [-334, -42], [-217, -570], [-119, -836], [129, -724], [-97, -247], [-283, 37], [-248, 863], [-552, -83], [-679, -630], [-205, 270], [-198, 1166], [-245, 240], [107, 829], [371, 919], [-91, 1721], [-499, 289], [-316, 645], [-676, 712], [-88, 1523], [39, 874], [-156, 318], [-97, 600], [90, 649], [-420, 833], [-139, 671], [69, 1605], [-171, 15], [-245, -330], [-357, 641], [-399, -180], [-455, 1560], [-278, 375], [-494, 206], [-458, -311], [-677, -855], [-334, 401], [-219, -206], [-175, 349], [-635, -1624], [-201, 128], [-276, -488], [-638, -131], [-77, -480], [-425, -1151], [-150, -1107], [-736, -322], [-893, 319], [-94, 757], [-459, 1343], [-39, 945], [-319, 742], [-320, 1358], [-711, 266], [-766, 754], [42, 1380], [-181, 821], [-35, 1189], [-177, 510], [-187, 1211], [-369, 37], [-185, 225], [-221, 653], [-391, 259], [-168, 352], [-174, 1249], [-565, -131], [-456, -420], [-177, 461], [-907, 1031], [-456, 34], [-269, 1140], [-167, 184], [-485, -938], [-333, -120], [-211, 473], [-268, 1181], [-444, 262], [-481, -806], [-230, -1204], [-298, 132], [-528, -567], [-387, 259], [-239, -172], [-139, -447], [-311, 34], [-528, 1035], [-685, 896], [-495, -300], [-337, 507], [-352, 1237], [-34, 1751], [-337, 263], [-189, 866], [55, 1151], [-184, 702], [-457, 461], [-284, 1500], [-631, -555], [-72, -1084], [-112, -214], [-111, -757], [-187, -53], [-496, 462], [-538, -1268], [-364, -375], [-673, 431], [-333, -1380], [-424, -457], [-238, -683], [-278, -333], [-250, -49], [-479, 562], [-563, -123], [-142, 153], [-296, -251], [-521, 394], [126, 2205], [-157, 2051], [321, 514], [112, 772], [-25, 739], [253, 405], [1033, 863], [217, 648], [669, 634], [162, 735], [383, -94], [250, 499], [67, 345], [-167, 1335], [-338, 1275], [343, 424], [117, 379], [455, 247], [10, 221], [-153, 398], [19, 1001], [-70, 761], [709, 1744], [75, 420], [183, 158], [302, -120], [-128, 1676], [-225, 390], [-71, 461], [-1, 608], [95, 506], [-296, 814], [-308, -199], [-220, 502], [-499, 368], [-226, 510], [-187, -128], [-196, 443], [-225, -116], [-181, 273], [-329, 76], [-310, -151], [-185, 885], [85, 732], [-46, 270], [-259, -233], [-409, 34], [-266, -2288], [-485, -213], [-423, 772], [-213, -19], [-252, 330], [-8, 604], [-57, 86], [-236, -135], [-142, -896], [-301, 364], [-37, -589], [-474, 109], [-612, 922], [-145, 1028], [-143, 337], [-552, 139], [-242, 780], [-200, 146], [-262, -491], [-302, 221], [-329, -701], [-170, -1699], [-394, -817], [-36, -941], [-237, -383], [-364, -150], [-190, -502], [73, -739], [-231, -300], [57, -1410], [-177, 109], [-170, -244], [-125, 90], [-138, 701], [-304, 480], [-204, -506], [-77, -525], [-182, 139], [-395, -173], [-116, 386], [-569, 53], [-69, 97], [12, 1077], [-156, 693], [-372, 507], [-348, -87], [-191, 653], [-150, 184], [-254, -222], [-126, 240], [-301, -566], [-670, -442], [-177, 667], [-466, 773], [-439, 22], [-186, -472], [-862, -413], [-345, -690], [-359, -307], [-654, 386], [-179, -386], [-576, 1132], [-159, 1076], [-134, 285], [-448, -127], [-150, 142], [-377, -705], [-562, -56], [-1471, 1073], [-1080, -42], [-548, 282], [-530, -203], [-155, 386], [-614, -153], [-470, 225], [-498, 577], [-412, -574], [-466, 349], [-366, 604], [-368, -611], [-159, 247], [-172, -45], [-254, -1241], [-271, 116], [-82, -562], [-253, -132], [-281, -1188], [-377, -165], [-511, -1009], [-176, -686], [-59, -638], [108, -761], [-25, -315], [-407, -1275], [-276, -536], [-604, 243], [-792, -1113], [-212, 720], [-206, 213], [-453, -1972], [-609, 296], [-266, -341], [-341, -919], [-374, -142], [-161, -443], [-334, 626], [-284, -341], [-531, 454], [-383, -251], [-149, 198], [-86, -1226], [-368, -1009], [-195, -123], [-179, -844], [-256, -101], [-185, -342], [-331, -1379], [-294, -286], [-255, -600], [-483, 90], [-150, -562], [-343, -660], [-365, 67], [-181, -341], [-306, 293], [-250, -345], [-209, 345], [-276, -45], [-177, -278], [-144, -701], [-203, 67], [-400, -423], [-113, -972], [-291, -1027], [82, -2385], [-337, -1230], [-3, -413], [91, -738], [261, -308], [256, 578], [565, -1943], [306, 728], [124, -132], [-16, -2310], [-124, -1155], [-279, -847], [-14, -705], [102, -431], [-57, -1039], [-328, -634], [-204, -45], [226, -1361], [-710, -3278], [-551, -637], [-197, -563], [-355, -457], [10, -2843], [-291, -558], [-89, -889], [52, -701], [-68, -923], [228, -2032], [-277, -923], [-337, -139], [-187, -502], [120, -424], [6, -697], [119, -540], [-153, -274], [333, -1635], [-63, -563], [144, -555], [-338, -510], [-28, -375], [124, -1076], [-337, -979], [-6, -476], [-111, -442], [-465, -1047], [-162, 98], [-32, -323], [34, -315], [219, -315], [115, -1094], [191, -1], [151, -603], [-258, -1504], [120, -450], [39, -608], [10, -1837], [-188, 585], [-249, -4], [-150, -611], [-401, -630], [-586, 270], [-632, -420], [-571, 277], [-294, -517], [-346, 487], [-219, -375], [-263, 158], [-463, -225], [-147, 180], [-607, -758], [-557, 135], [-544, -435], [-125, -337], [-291, 120], [-398, 690], [-248, -465], [-368, -233], [-88, -328], [-518, -400], [-607, 21], [-428, -386], [-175, 176], [-220, -141], [-173, 323], [-230, 35], [-374, -1234], [-507, 491], [-182, -57], [-93, -343], [49, -1894], [-305, -1354], [-14, -1087], [-207, 281], [-209, -456], [-86, 246], [-312, -71], [-11, -519], [-200, -287], [153, -512], [-165, -730], [37, -610], [-148, 232], [-145, -288], [-428, 414], [-111, -203], [-56, -505], [-221, 56], [-58, -239], [-258, -196], [118, -1003], [-160, -800], [30, -448], [-244, -127], [46, -498], [-251, 7], [72, -427], [-116, -351], [9, -786], [114, -378], [82, -856], [-233, -737], [-139, -42], [-177, -659], [39, -189], [247, 7], [28, -589], [-142, -267], [-42, -575], [-270, 147], [-151, -350], [28, -323], [-137, 35], [-19, -666], [-749, -589], [-181, -624], [-216, 35], [-356, -1312], [-235, 98], [-249, -350], [-247, 1844], [-362, -35], [-256, 722], [-140, -28], [-314, -904], [-767, 764], [-228, 898], [-75, 1865], [-393, 632], [-379, -646], [-328, -1283], [-128, 161], [-181, -133], [-116, 288], [-335, -505], [-249, 91], [-430, -232], [-175, 155], [-174, 378], [-188, 940], [274, 863], [-42, 645], [-242, 98], [-274, -407], [-200, 470], [-300, 274], [-196, -428], [-1186, 2588], [-163, -435], [-223, -49], [-79, -393], [-314, -505], [-644, -399], [-49, -337], [105, -547], [-19, -526], [-200, -190], [-209, 246], [-221, -246], [-189, 190], [-348, -750], [-26, -421], [-1058, -933], [-289, -793], [19, -1290], [-151, -568], [-56, -968], [-467, -1585], [-170, 56], [-305, 898], [-32, 484], [-342, 259], [-298, -708], [-314, -393], [14, -568], [149, -316], [37, -2391], [-407, -1179], [-205, -91], [-414, 919], [-455, 400], [-282, 2602], [9, 1704], [-204, 3346], [-261, 799], [-158, 1410], [-154, 102], [-164, 540], [-309, 461], [-200, 877], [-1307, 310], [-431, -1958], [-588, -1240], [-587, -248], [-359, -443], [-1013, -266], [-338, 895], [-209, -213], [-473, 116], [-293, 1116], [-1108, 2135], [-373, -169], [-302, 815], [-432, 558], [-887, 62], [-97, 248], [-391, 169], [-634, 1311], [-450, 106], [-778, 1869], [-297, 106], [-608, -806], [-467, 2162], [-981, 1594], [-62, 717], [-132, -885], [-173, -231], [-53, -1063], [-173, -168], [-124, -514], [-323, -416], [-411, -1010], [-441, -212], [-235, 132], [-296, -398], [-347, 266], [-805, -1134], [-708, -558], [-831, 177], [-338, -266], [-197, 89], [-282, -638], [-208, 585], [-312, -36], [-378, -540], [-641, 460], [-984, -877], [-197, -691], [-481, -611], [-403, -88], [-587, -558], [-438, 17], [-482, -301], [-426, 255], [-177, -865], [-506, 355], [-551, -300], [-371, 351], [-324, -101], [-213, -397], [-1223, -117], [-258, 94], [-323, 521], [-397, 149], [-521, -356], [-102, -231], [-30, -917], [-156, -874], [-470, -1172], [36, -2759], [-180, -1342], [-562, -860], [-350, -1595], [-402, 124], [-28, -1300], [-127, -699], [48, -358], [-295, 31], [-330, 653], [-656, -782], [-572, 466], [-148, -254], [-202, -958], [-241, 777], [-160, -57], [-108, -917], [-187, -730], [191, -461], [104, -933], [267, -1284], [-155, -876], [-5, -1103], [-308, -1233], [-94, 10], [-191, 1052], [-165, -264], [-613, 1010], [-213, 2181], [-211, 673], [-175, 254], [-170, -67], [-196, -368], [-38, -741], [-151, -243], [-57, -389], [-14, -425], [114, -186], [123, -953], [-18, -399], [-234, -223], [-220, -995], [-84, 37], [-143, 709], [-486, -170], [-340, 538], [-343, 62], [-107, -202], [-168, 249], [-78, -357], [-293, -130], [-64, -720], [-230, -678], [-40, -436], [-195, -160], [-110, -347], [-7, -456], [-294, -539], [-220, -88], [-72, 228], [-180, -363], [-146, -5], [-251, -569], [-184, -21], [-146, 388], [-283, -663], [-160, 565], [-163, 52], [-120, 487], [-129, -192], [-29, 295], [-109, 104], [14, 1243], [-246, 52], [-49, 482], [183, 802], [-6, 679], [-279, 285], [-271, -57], [-160, 326], [-105, -202], [-127, 135], [-101, -187], [-34, -714], [197, -503], [-33, -751], [138, -901], [-191, -808], [95, -503], [-327, -1290], [-431, -911], [-386, 450], [-141, -331], [-385, 305], [-251, -1621], [-391, 285], [-188, -368], [-297, 125], [-201, -736], [-184, 425], [-115, -26], [-86, 668], [-377, 52], [-389, -249], [-338, 627], [-60, 772], [-136, -156], [-172, 228], [-256, -207], [-298, 565], [-402, -192], [-452, 674], [-302, -177], [-770, 461], [-51, 576], [-445, 569], [-96, 1260], [-585, 75], [-222, 1836], [-355, 318], [-186, 424], [-335, -207], [-390, 1392], [0, 803], [-268, 542], [2, 593], [103, 78], [292, 1054], [-114, 369], [-2, 711], [-127, 265], [-179, -72], [-62, 271], [-85, -301], [-189, 146], [-138, 274], [0, 257], [-164, -193], [-51, 373], [-275, 230], [-289, -223], [-125, 305], [-20, 443], [171, 326], [-19, 833], [108, 274], [-43, 461], [-225, 610], [47, 731], [-160, 1244], [44, 579], [-303, 281], [-118, 949], [-227, -95], [-109, -386], [-196, 352], [-142, -152], [-164, 244], [-60, -312], [-140, 34], [-135, -302], [-124, -759], [-138, 4], [-412, -651], [-80, 895], [-73, -329], [-112, 197], [-49, -250], [-298, 388], [-197, 590], [-88, 827], [103, 1257], [-232, 964], [-119, -682], [87, -722], [-121, -183], [-140, 549], [-92, -41], [-9, -241], [-136, -227], [32, -505], [-250, -937], [-333, 1265], [-222, 10], [-69, 195], [-139, -357], [-75, 534], [-136, -118], [24, -707], [-129, -3], [-110, -462], [-252, 245], [-413, -391], [-366, -52], [-152, 176], [-62, 447], [253, 1661], [-49, 676], [117, 277], [24, 363], [-343, 2057], [328, 1125], [171, 249], [6, 607], [-336, 1197], [-225, -84], [-271, 279], [-119, -401], [-266, 893], [-61, 789], [321, 714], [-166, 275], [-36, 972], [-590, 769], [-190, 1051], [-2, 1771], [-89, 690], [105, 870], [-176, 449], [-1, 318], [-195, 702], [-485, 447], [-378, -863], [-357, -7], [-417, 576], [-68, 1861], [-117, 377], [26, 655], [304, 459], [68, 926], [-42, 598], [-316, 1075], [25, 1075], [-199, 165], [-146, 427], [-122, 803], [-126, 241], [-156, 1264], [-437, -65], [-336, 404], [-319, 650], [-162, 712], [-340, 628], [-276, 146], [-136, -213], [-388, 430], [-247, -88], [-746, -953], [-219, 368], [-309, -79], [-414, 416], [-173, -263], [-344, 155], [-119, 406], [5, 442], [-111, 526], [-102, -34], [-246, 1608], [-426, -655], [-701, -606], [-47, 657], [-234, 1204], [182, 618], [291, 103], [78, 473], [-92, 621], [83, 1161], [-204, 1747], [91, 539], [-285, 789], [211, 511], [-13, 162], [-202, -2], [-151, 834], [-229, -296], [-143, -490], [-219, 69], [48, 490], [-49, 602], [-107, 2], [-87, 371], [-269, 172], [-678, 1256], [-201, 160], [-245, 1073], [-803, 767], [-322, -473], [-454, 537], [-165, -119], [-81, 239], [-541, 6524], [29, 494], [-120, 691], [47, 504], [-105, 1025], [-139, 439], [78, 416], [-15, 466], [-120, 757], [184, 425], [81, 1274], [189, 480], [-403, 1065], [57, 452], [-137, 588], [31, 542], [-131, -210], [-255, 626], [-27, -149], [-388, 325], [-791, 2726], [-849, -315], [-611, -609], [-420, -684], [-99, 416], [-269, 227], [-667, -258], [-854, 292], [-117, 456], [-436, 647], [-191, -611], [-131, 236], [-198, -174], [-192, 948], [129, 1859], [-95, 482], [-27, 1224], [-103, 229], [-42, 463], [128, 567], [21, 711], [188, 813], [40, 1524], [156, 688], [-22, 263], [-133, 57], [-183, -633], [-101, 275], [-166, -325], [-1, -583], [-193, -399], [-46, -564], [-249, 38], [22, -590], [-132, -731], [-186, -234], [-130, 540], [-155, 26], [-316, 765], [-129, 905], [-66, 1264], [328, 227], [-76, 920], [-169, 389], [22, 700], [-261, 478], [-450, -5], [-124, 191], [-173, 1347], [-217, 865], [-244, 354], [-60, 530], [-668, 875], [-46, 582], [-217, 313], [-33, 548], [-528, 1982], [-223, 136], [-117, 758], [-167, 259], [-163, 662], [-168, -116], [-123, 704], [-161, 273], [12, 336], [-144, 300], [-128, 985], [-292, 1124], [-279, -336], [-82, 465], [-100, 62], [-184, 888], [66, 633], [-326, 1364], [24, 497], [-380, 355], [-369, -179], [-255, 536], [-159, -75], [-1, 201], [-221, 444], [-100, 2127], [-101, 744], [467, 2299], [-364, 3403], [212, 1303], [-196, 1531], [234, 685], [230, 260], [-80, 771], [42, 691], [-88, 531], [-12, 862], [69, 446], [-37, 1921], [136, 362], [80, 1010], [303, 897], [65, 486], [84, 1274], [213, 1378], [-68, 1036], [90, 1115], [-136, 577], [-457, 261], [-273, 878], [-432, 736], [-557, -376], [-358, 226], [-171, 389], [-114, 849], [-196, -629], [-184, -247], [-310, 529], [-249, -703], [-301, -392], [-484, -54], [-125, 346], [-203, -142], [-139, -475], [-371, -309], [-245, 975], [-103, 948], [67, 609], [223, 221], [70, 392], [-69, 322], [52, 733], [-82, 983], [-142, 715], [42, 733], [-161, 293], [-173, 1031], [-219, -207], [-389, 130], [-140, 846], [-292, 279], [-102, 454], [63, 284], [-155, 607], [12, 385], [302, 1488], [-185, 209], [-313, 1190], [46, 470], [-121, 346], [-117, 911], [160, 548], [-18, 628], [-65, 768], [-348, 1129], [-46, 2288], [358, 290], [145, -226], [213, 452], [205, -191], [-34, 218], [103, 550], [353, 427], [-115, 623], [195, 377], [45, 402], [-157, 360], [49, 503], [-208, 564], [-242, -76], [-203, 261], [34, 580], [107, 384], [-64, 492], [238, 137], [112, 703], [283, 196], [537, 830], [456, -88], [616, 228], [74, -806], [68, 33], [356, 953], [319, 416], [355, 89], [91, 271], [-12, 586], [89, 440], [171, -118], [-30, 878], [199, 1204], [-44, 1455], [431, 2090], [-265, 658], [-126, 685], [10, 1724], [431, 2581], [102, 1072], [148, 446], [58, 1114], [104, -143], [112, -1720], [-188, -1841], [84, -335], [-100, -618], [300, -1344], [338, -422], [-254, -409], [-11, -945], [124, -759], [-181, -1234], [-271, -1070], [219, -1587], [680, -1403], [140, -1001], [-97, -52], [-202, 448], [-201, -52], [-341, -791], [44, -1977], [-131, -1001], [166, -686], [-262, -1107], [150, -976], [177, -576], [33, -768], [-254, -132], [-54, -500], [63, -950], [157, -527], [44, -659], [-96, -290], [122, -1133], [455, -1635], [734, -1607], [-8, -580], [437, -1239], [-199, -681], [-11, -479], [96, -606], [-78, -475], [405, -1106], [784, -1477], [787, -1054], [2825, -2979], [160, -921], [61, -923], [298, -1423], [367, -264], [105, -554], [-9, -395], [-411, -501], [-17, -342], [481, 500], [61, 449], [9, 579], [-175, 1134], [-499, 949], [234, 210], [1307, -1724], [1998, -1756], [-210, -1107], [140, -1054], [394, -818], [595, -606], [489, -1186], [44, -896], [-289, -2900], [700, -1397], [1461, -1635], [2343, -1449], [1750, -686], [507, 264], [2151, 51], [927, -341], [735, 817], [1390, -501], [665, 11], [483, -513], [398, 322], [588, 892], [2213, 580], [273, -835], [-58, -2117], [252, -1397], [663, -812], [409, -244], [575, 48], [187, -278], [82, -455], [23, -1034], [-210, -772], [-708, -689], [236, -153], [-30, -613], [295, -1947], [-117, -1232], [83, -181], [192, 1538], [-276, 1692], [1, 755], [129, 85], [416, 203], [53, -469], [450, -722], [-110, -1622], [80, -483], [199, -311], [-136, 814], [152, 1238], [-21, 376], [-74, 401], [-430, 919], [89, 1428], [-25, 1057], [-144, 721], [-374, 474], [-1180, 552], [-293, 447], [-145, 840], [84, 666], [326, 1374], [918, 738], [1688, 764], [291, -286], [210, -817], [87, 554], [166, 128], [331, -185], [91, -1593], [-248, -534], [-305, -1609], [181, -215], [174, -1166], [439, -1860], [386, -159], [122, -737], [-161, -903], [-521, -1500], [-134, -678], [40, -697], [225, -935], [260, -540], [149, -1650], [-34, -973], [146, -150], [52, 924], [-63, 1624], [252, 151], [282, -522], [107, -414], [-11, -419], [-214, -1200], [-37, -753], [42, -598], [-17, 708], [135, 1109], [168, 594], [-75, -1500], [129, -792], [-59, -335], [93, -137], [208, 407], [-280, 561], [-6, 1027], [100, 588], [574, -393], [106, 134], [47, -473], [-63, -455], [72, 265], [-14, 693], [86, 465], [-55, 482], [99, 51], [-123, -29], [58, -430], [-46, -344], [-214, -227], [-543, 458], [-98, 855], [47, 475], [80, 141], [463, -370], [192, 567], [259, 133], [-256, -90], [-191, -550], [-465, 387], [-82, -71], [-92, -457], [-395, 884], [-414, -73], [-311, 870], [-132, 913], [307, 769], [130, -382], [230, -27], [148, -274], [282, -688], [169, -757], [152, 268], [190, -202], [128, 315], [96, 492], [-26, 200], [246, 647], [-280, -641], [26, -199], [-183, -680], [-162, 237], [-188, -230], [-155, 768], [-257, 637], [-430, 656], [395, 1557], [58, 815], [-199, 2506], [-429, 1319], [-62, 633], [41, 441], [636, 863], [60, 615], [77, -131], [133, 507], [-35, 428], [299, 682], [-115, 1232], [-85, 177], [-14, 639], [91, 617], [-119, 497], [22, 384], [-414, 700], [-63, -118], [-98, 624], [178, 506], [2, 674], [386, 541], [61, 272], [-70, 34], [-10, 358], [227, 99], [155, 728], [-40, 532], [-118, 43], [-61, 680], [134, 520], [56, 1022], [130, 214], [173, 1141], [81, 92], [-65, 887], [103, 976], [147, 640], [132, 24], [87, 349], [355, -490], [201, -930], [-192, -984], [-243, -479], [-45, -668], [116, -797], [162, -262], [-25, -179], [213, -905], [-4, -643], [66, 151], [-21, -289], [161, -239], [3, -289], [219, -343], [-81, -1112], [74, -1319], [140, -735], [-48, -643], [-143, -336], [224, -989], [-240, -461], [12, -699], [172, -711], [757, -1207], [116, -637], [-33, -1231], [183, -416], [560, 426], [538, -445], [412, 167], [769, -1890], [204, 374], [219, 1926], [129, -41], [332, 1213], [178, 1345], [-190, 914], [221, 147], [147, 445], [-216, 695], [97, 178], [-21, 273], [431, 695], [321, 54], [134, 1001], [402, -817], [263, -870], [472, 52], [385, 343], [332, 2293], [152, -210], [224, 790], [481, -1186], [17, -448], [175, -290], [88, -1051], [358, -926], [-393, -475], [-280, 27], [-638, -1608], [-132, -580], [0, -765], [-271, -2504], [-192, -211], [79, -1502], [-53, -660], [-393, -105], [-132, -659], [-17, -870], [61, -949], [254, -185], [218, 106], [193, -264], [606, -3361], [96, 263], [167, -421], [87, 131], [201, -1370], [175, -607], [175, -1423], [131, -2188], [429, -1819], [390, 171], [3, 488], [140, 184], [149, -264], [35, 475], [218, 501], [700, 949], [359, -316], [612, 421], [192, -500], [114, 606], [324, 211], [367, -738], [253, 316], [613, -343], [533, -1107], [-17, -685], [279, -132], [237, 580], [17, -1397], [280, 342], [498, -632], [403, -1002], [0, -475], [175, -343], [192, 370], [394, -1002], [201, 105], [463, -290], [166, 343], [106, -522], [1142, -783], [455, -791], [288, -1001], [184, -1398], [201, -2873], [1120, -158], [175, 4086], [-123, 3111], [227, 1450], [272, -53], [559, 1582], [341, 79], [796, -501], [2143, -3584], [201, -133], [971, -1977], [420, -580], [1539, -1160], [568, -53], [868, -680], [2106, -4092], [577, -1265], [455, -1371], [401, -1671], [552, -3708], [411, -1608], [1049, -3058], [455, -1029], [1006, -1212], [1189, -343], [612, 4508], [-1792, 1978], [-744, 1502], [-402, 2083], [-254, 3586], [-306, 1081], [-420, 2425], [-279, 923], [-604, 1107], [-498, 580], [-569, -369], [-157, 448], [175, 1529], [43, 1213], [-279, 4719], [306, 1476], [113, 1081], [717, 9306], [560, 2505], [367, 1160], [534, 869], [1354, -712], [1427, 1345], [953, -501], [403, -422], [673, 25], [192, 3060], [-931, 472], [-319, 819], [-368, 1608], [-153, 1520], [31, 853], [-1210, 3860], [432, 1992], [516, 1793], [34, 1737], [-157, 1399], [9, 2135], [218, 2239], [1986, 12259], [971, 5087], [297, 2478], [-96, 764], [175, 3690], [621, 5851], [585, 3743], [543, 4296], [201, 2319], [140, 105], [265, -1341], [627, 2949], [288, 2214], [691, 2053], [-577, 2612], [-581, -401], [-591, 216], [-594, -843], [-1181, -1002], [-682, 2425], [-403, 788], [202, 1927], [0, 1133], [166, 1001], [341, 685], [568, 422], [376, 580], [193, 1291], [629, 1609], [-865, 2950], [-132, 2636], [210, 6377], [-317, 6219], [-59, 4163], [106, 1503], [377, 3109], [585, 2477], [1260, 3555], [541, 897], [517, 449], [446, -3162], [1660, -2293], [473, -105], [639, -1027], [691, -580], [-1, -1134], [-165, -632], [-647, -1475], [-114, -1634], [700, 1397], [332, 26], [1496, -4980], [638, 211], [219, 448], [507, 3372], [166, 317], [1076, -870], [315, 158], [1172, 2583], [988, -2425], [647, 1845], [-2046, 3768], [-639, 1923], [-289, 1371], [-104, 1396], [87, 2661], [-61, 1950], [-1006, 4453], [236, 501], [384, -1], [666, -210], [1014, -1001], [367, 2608], [-674, 1027], [-1311, 2820], [-280, 738], [-157, 764], [-19, 1625], [150, 2854], [1022, 10247], [481, 5902], [0, 3424], [63, 712], [220, 992], [577, 817], [1127, 931], [524, 1212], [81, 2124], [294, 905], [397, 728], [1588, 1669], [1070, 1387], [2466, 3820], [575, 1563], [350, 2002], [122, 1290], [790, 3495], [443, 720], [402, -27], [257, -667], [181, -1071], [98, -1290], [744, -536], [612, -1870], [455, -238], [522, -1018], [385, 290], [664, -870], [231, 1440], [-1557, 2081], [-1006, 1660], [586, 895], [7715, 4848], [1459, 577], [276, -112], [184, -383], [279, -7], [4552, 1820], [5925, 4028], [348, -244], [17, 470], [92, 247], [2082, 1125], [1939, 1510], [3554, 3290], [1913, 2016], [4739, 2515], [1315, 877], [142, -53], [15, -190], [79, 374], [2849, 1906], [253, 153], [149, -142], [239, 353], [4490, 2550], [478, -32], [478, -932], [189, 432], [335, 225], [186, 875], [500, 1035], [4782, 4580], [3981, 3127], [247, 695], [458, -150], [1160, -2166], [241, -936], [-43, -802], [136, 398], [-9, 663], [-288, 1009], [-765, 1693], [2017, 950], [2046, 1445], [2154, 2102], [1651, 2462], [2648, 4823], [768, 2091], [484, 865], [45, 208], [-155, 868], [37, 482], [99, -63], [289, 768], [139, 107], [-17, 227], [240, 585], [-182, -2], [84, 400], [-38, 148], [141, 158], [-117, 691], [266, 500], [121, 655], [815, 2116], [-604, 974], [-35, 922], [980, -290], [174, 1159], [-367, 184], [-17, 316], [-149, -27], [18, 817], [489, -53], [0, 1001], [-463, 0], [-203, 548], [-418, -74], [402, 1448], [35, 684], [3247, 6253], [1484, 4384], [0, 1474], [446, 1554], [289, 3370], [927, 3396], [1901, 4055], [2174, 5659], [896, 2992], [670, 3062], [97, 106], [185, -314], [-190, 638], [34, 523], [-120, 1055], [-225, 72], [-105, 1053], [158, 1474], [393, 1158], [105, 605], [2615, 7160], [0, 579], [289, 921], [148, 158], [318, 1225], [102, 854], [-187, 843], [574, 1356], [25, 383], [478, 1809], [1306, 7007], [433, 3545], [1, 408], [-206, 653], [25, 1038], [515, 2546], [1776, 4081], [955, 1845], [267, 103], [43, 484], [1815, 3140], [1321, 2894], [3794, 9234], [2798, 7288], [1191, 3820], [295, 1581], [435, 1502], [259, 267], [56, 569], [2030, 6031], [815, 3568], [27, 814], [865, 3868], [177, 2117], [652, 2851], [3011, 10210], [2510, 9994], [1067, 5208], [955, 6130], [216, 1917], [98, 1737], [69, 118], [-81, -8], [-57, 498], [-100, 197], [-234, 57], [-152, 648], [19, 358], [131, 257], [380, 2067], [52, -64], [44, 872], [110, -286], [-77, 323], [-169, 164], [-27, -184], [47, 340], [218, -230], [68, -299], [-24, 526], [125, -319], [-87, 467], [-97, -252], [-148, 419], [-172, -526], [95, 635], [226, 196], [202, 558], [30, 501], [-136, 712], [286, 146], [188, 912], [225, 1543], [320, 3494], [150, 3474], [-71, 3283], [-310, 4699], [-165, 961], [63, 138], [-97, 180], [-609, 5619], [-373, 1836], [21, 1710], [228, 316], [148, 653], [-151, 447], [-69, 1077], [806, -1021], [4478, -734], [42, -551], [4366, -1568], [1420, -4158], [436, -2291], [727, 743], [2385, -4491], [1193, -6639], [-30, -1366], [611, -2166], [661, -3900], [356, -3411], [-427, -4145], [1345, -2693], [-484, -4665], [-357, -8407], [388, -1030], [1213, 335], [850, -527], [381, 1273], [536, 140], [766, -577], [247, 331], [144, -203], [101, -562], [772, -804], [267, 1612], [-104, 379], [250, 285], [40, 652], [188, 390], [154, -386], [130, 917], [190, 265], [325, -293], [116, -1213], [150, -406], [-29, -379], [67, -203], [-57, -351], [34, -1620], [-109, -402], [-8, -671], [227, -1815], [155, -422], [-59, -1444], [183, -976], [-1, -519], [457, -1573], [307, -2186], [176, -2107], [695, -3353], [-43, -449], [416, -726], [686, 656], [858, -2362], [195, -363], [209, -50], [174, -406], [149, -2260], [-183, -988], [53, -203], [274, -94], [68, -682], [207, -605], [-166, -1488], [51, -390], [696, -675], [585, -2147], [41, -617], [169, -769], [46, -835], [361, -456], [562, 214], [632, -519], [655, -2197], [-130, -1932], [-389, -773], [-148, -808], [-213, -309], [13, -250], [498, -187], [827, 465], [657, 105], [1924, 2494], [1607, 3263], [337, 1003], [850, 3849], [709, 2761], [943, 2705], [187, 1253], [681, 711], [102, 284], [-25, 1031], [396, 898], [99, 1089], [261, 636], [62, 1218], [-68, 456], [-122, 168], [-483, -566], [-128, 351], [36, 570], [196, 750], [121, 1467], [267, 1046], [96, 1043], [1263, 4367], [51, 902], [193, 570], [717, 4479], [353, 1657], [-45, 1331], [-366, -278], [-713, -2449], [-391, -96], [-424, -1336], [-228, 61], [-60, 854], [737, 2944], [177, 1036], [455, 1627], [145, 1074], [187, 466], [34, 387], [160, 191], [-15, 483], [49, 346], [176, 293], [18, 531], [613, 2198], [225, 1248], [60, 1396], [197, 761], [58, 2028], [93, 439], [-51, 844], [86, 1266], [-65, 1199], [-89, 289], [227, 1166], [-39, 480], [96, 954], [22, 1428], [-51, 783], [-268, 175], [-755, -810], [-614, 265], [-218, -300], [-359, 692], [-397, 426], [-157, 453], [-102, 1388], [48, 378], [-93, 504], [53, 392], [-118, 1048], [-158, 657], [2, 1588], [-163, 1353], [7, 2279], [71, 361], [-58, 353], [10, 2000], [64, 398], [-82, 773], [60, 1319], [-72, 484], [94, 761], [-154, 1905], [101, 515], [-75, 632], [81, 391], [-210, 909], [-4, 722], [117, 582], [-22, 1198], [79, 582], [-215, 448], [133, 691], [-31, 402], [-369, 516], [15, 456], [116, 336], [-119, 605], [34, 1354], [-78, 363], [-19, 1273], [-311, 979], [-114, 1062], [74, 687], [-10, 2135], [-157, 328], [-13, 687], [252, 1705], [-236, 403], [-412, 50], [-206, 1995], [-494, 480], [-17, 894], [107, 667], [211, 511], [68, 1367], [-99, 366], [-551, 375], [-13, 476], [964, 1956], [940, 527], [323, -117], [764, 1116], [416, 1934], [507, 3937], [203, 890], [390, 938], [828, 885], [1096, 1965], [893, -471], [33, -585], [69, -41], [934, 930], [549, -357], [214, 197], [84, -290], [151, 105], [70, -176], [283, 95], [543, -607], [204, 931], [94, 1076], [180, 568], [378, 2156], [-239, 1333], [21, 430], [436, 765], [-230, 2031], [30, 610], [664, 1840], [1022, 1344], [176, 492], [19, -1234], [-232, -1416], [-199, -666], [-24, -556], [18, -230], [74, 607], [552, -108], [-226, -2978], [-140, -966], [179, -1427], [35, -988], [-27, -273], [-135, -171], [-119, -1386], [56, -1477], [96, -71], [5, -413], [220, -114], [-262, -791], [-219, 164], [-18, -185], [204, -104], [128, 376], [206, -253], [110, 114], [92, -656], [-120, -372], [185, 71], [421, -681], [282, 119], [162, 310], [213, -555], [-102, -766], [-516, -1261], [-508, -811], [-96, -602], [97, -1110], [-44, -1161], [-376, -337], [-144, -446], [84, -428], [249, 484], [156, -373], [-35, -191], [-284, -122], [64, -768], [-75, -663], [401, -641], [-11, 1059], [206, -640], [333, -320], [-160, -690], [-366, -588], [473, -871], [-55, -517], [-252, 271], [-190, -499], [301, -100], [-20, -208], [-170, -127], [216, -670], [-185, -61], [-135, 401], [-186, -1269], [50, -163], [96, 132], [396, -771], [-40, -282], [-277, 298], [173, -1407], [173, -159], [47, -776], [121, -447], [-136, -547], [309, -724], [-409, -175], [121, -360], [-119, -782], [267, -252], [-143, -281], [-5, -352], [318, 301], [49, -186], [-81, -465], [217, -45], [-63, -669], [-284, -157], [-11, -272], [161, -16], [-7, -463], [-205, 113], [1, -323], [-120, -436], [41, -259], [-133, -312], [17, -278], [115, -76], [-12, -209], [193, -187], [-113, -248], [29, -506], [-122, -504], [276, -349], [9, -374], [-88, -155], [137, -214], [-9, -403], [91, 205], [-16, -285], [128, -241], [-62, -407], [222, -626], [-111, -359], [176, -51], [-34, -634], [209, 304], [175, -457], [41, -406], [-94, -84], [66, -993], [60, -45], [-33, -353], [145, -69], [250, -639], [-73, -361], [-188, -239], [40, -185], [123, 179], [18, -585], [145, -280], [-23, -306], [152, -116], [-180, -779], [79, -415], [-159, 152], [-51, -298], [192, -216], [86, -1072], [-87, -2], [4, -158], [157, -486], [95, 488], [-19, -668], [208, -106], [-34, -286], [186, -851], [-46, -159], [100, -88], [-94, -189], [66, -284], [-76, -149], [91, -195], [-85, -792], [-147, 242], [-38, -390], [80, -327], [-99, 96], [148, -545], [-42, -413], [59, -212], [-179, -287], [93, -37], [-12, -370], [-105, 31], [47, -302], [130, 430], [111, -208], [-43, -331], [133, 17], [43, -489], [147, 165], [-118, -414], [231, -632], [-180, -462], [178, -65], [10, 245], [129, -284], [-58, -401], [73, -97], [-75, -683], [-94, -9], [-30, -806], [40, 152], [112, -1063], [50, 359], [58, 35], [-54, -163], [65, -35], [45, -146], [-61, -103], [80, -114], [-62, -371], [112, 123], [-4, -247], [-138, -320], [76, -199], [-71, -448], [100, -313], [-97, -103], [121, -145], [-128, -231], [100, -173], [-98, -146], [73, -155], [-37, -157], [-66, 203], [-178, -149], [56, 27], [54, -532], [-48, -48], [92, -175], [-85, -219], [-66, 165], [2, -304], [39, -145], [58, 214], [58, -496], [-133, 69], [-33, -1397], [419, -2221], [208, -497], [3, -385], [-225, -1872], [-213, -543], [-238, -1121], [-21, -957], [699, -760], [121, -621], [285, -613], [352, -202], [720, 413], [594, 1169], [533, 256], [133, -1316], [303, 74], [353, -647], [360, -201], [577, 201], [66, -705], [327, -110], [134, -292], [932, -767], [37, 658], [1048, 510], [310, -757], [-33, -1691], [63, -769], [-68, -362], [61, -256], [154, -79], [230, -683], [330, -80], [264, 359], [146, 637], [317, 359], [370, -1156], [739, 160], [-79, -2152], [621, -1633], [132, -398], [40, -478], [555, -1315], [92, -438], [409, 319], [212, 438], [132, 637], [330, 558], [13, 597], [133, 518], [237, 200], [132, 836], [106, 80], [13, 558], [185, 398], [185, 2310], [-26, 239], [-687, 837], [-185, 1355], [-132, 159], [-344, 2111], [0, 478], [-132, 399], [-26, 956], [-291, -160], [-198, 837], [-793, 637], [-330, 757], [-132, 877], [26, 677], [-422, 1474], [-251, 438], [-278, 1394], [-92, 80], [-264, 2072], [-93, 199], [66, 836], [146, 558], [0, 1155], [184, 1395], [-251, 757], [-92, 836], [132, 2271], [-409, 4417], [192, 833], [-92, 2044], [193, 2423], [184, 1464], [259, 1110], [352, 3887], [-59, 2044], [-100, 404], [-76, 2070], [-192, 1160], [-452, 1060], [-661, 1111], [-9, 833], [343, 2347], [9, 833], [-235, 1615], [-485, 50], [-209, 1262], [418, 4240], [-50, 556], [-686, 1993], [-226, 1843], [-243, 934], [103, 4134], [164, 437], [10, 571], [-135, 1167], [-337, 1189], [-1931, 4515], [-385, 1564], [59, 329], [-126, 1009], [168, 833], [-59, 303], [-293, 202], [-209, -303], [-109, 76], [-91, 845], [-112, 148], [-434, -729], [-486, 548], [51, 906], [129, 333], [-31, 951], [182, 223], [161, -261], [31, 193], [-65, 1275], [-242, 695], [124, 839], [-61, 845], [604, 618], [294, 688], [122, -102], [22, 531], [283, 527], [326, -71], [320, 502], [145, 1242], [8, 833], [-372, 2613], [250, 997], [293, 57], [112, -412], [133, 229], [748, -514], [165, 723], [633, -2350], [98, -119], [-55, -582], [60, -237], [-212, -769], [295, 729], [-107, -978], [23, -440], [148, -864], [68, -228], [57, 121], [25, -517], [99, -111], [33, -736], [-67, -421], [115, -374], [121, -32], [277, 481], [177, -23], [398, -382], [314, -760], [230, 410], [181, 3], [248, -69], [624, -790], [60, 181], [775, -2210], [515, -727], [73, 328], [1124, 304], [978, 889], [515, 924], [551, 1546], [191, 1227], [261, 760], [44, 564], [-347, 760], [9, 788], [297, 526], [39, -540], [372, 277], [429, 2496], [-38, 1258], [409, 1284], [661, -309], [85, 333], [300, 298], [201, -132], [165, 263]], [[104481, 753000], [396, -397], [211, 117], [228, 397], [145, 1058], [197, 105], [160, 1877], [26, 1868], [136, -27], [96, -1125], [164, 296], [67, 483], [615, -448], [277, 1285], [2, 494], [107, 62], [78, -233], [77, 362], [215, 263], [353, -270], [242, -866], [175, -93], [355, -695], [23, -514], [-124, -1179], [64, -679], [728, -2395], [174, -432], [296, -18], [248, -907], [281, -181], [146, -384], [192, -1193], [429, -9], [107, 277], [20, 480], [-109, 795], [-6, 1270], [-86, 357], [-170, -53], [-47, 311], [37, 338], [132, 233], [267, 1888], [461, 2217], [-50, 90], [58, 435], [180, 270], [44, -179], [96, 167], [57, -331], [9, 220], [592, 147], [78, 458], [37, -344], [436, -202], [28, 331], [-170, 253], [-13, 612], [-125, 237], [162, 467], [134, 83], [59, -248], [100, 411], [193, -215], [115, 292], [-22, 231], [74, -111], [-32, 292], [132, 283], [-26, 138], [132, -60], [-17, 385], [-97, 197], [59, 335], [-163, 582], [193, 1953], [228, 370], [-34, 410], [132, 198], [120, -256], [128, 91], [204, 1189], [78, -486], [126, 251], [300, -505], [586, 289], [-5, 445], [180, -28], [148, 589], [139, 19], [186, 584], [-133, 309], [181, 941], [290, 322], [75, -351], [196, 1006], [-58, 455], [168, 202], [-107, 782], [-119, 282], [81, 905], [-104, 441], [90, 233], [-206, -211], [108, 596], [-218, 887], [59, 248], [-105, 145], [48, 299], [-109, 411], [34, 337], [-98, -51], [-35, -280], [-27, 823], [-160, 100], [-40, -361], [-89, 288], [-114, -43], [-43, 798], [58, 225], [-54, 238], [157, 277], [-62, 545], [137, 214], [109, -226], [80, 1139], [80, 195], [-104, 462], [62, 186], [80, -131], [-6, 152], [-145, 120], [39, 392], [113, 213], [-91, 247], [107, 337], [-77, 97], [-68, -254], [-3, 735], [291, 110], [96, -225], [371, 968], [8, 567], [-162, 185], [76, 995], [-152, 1053], [350, 707], [-55, 216], [-84, -173], [-52, 696], [78, 106], [92, 736], [63, -630], [90, 142], [-56, 1013], [125, -66], [-10, -431], [79, -100], [35, 604], [171, 248], [-101, 271], [17, 211], [204, -387], [58, 626], [193, -175], [107, 381], [-19, 350], [129, 32], [47, 445], [194, 249], [27, 649], [-76, 166], [45, 651], [-58, 649], [243, 586], [115, 667], [-2, 554], [213, -353], [445, 1780], [411, -97], [94, 452], [171, 273], [-40, 907], [419, 165], [219, 436], [211, -279], [119, 1436], [364, 580], [119, 891], [119, -298], [253, 572], [247, 194], [-25, 293], [525, 573], [166, 803], [60, 918], [152, -34], [-117, 896], [111, -86], [-47, 384], [54, 643], [200, 676], [91, -30], [25, 432], [51, -193], [112, 75], [54, 887], [151, 108], [-94, 415], [141, -97], [-70, 263], [91, 318], [-5, 461], [114, -114], [64, 280], [-105, 326], [115, -72], [32, 374], [104, -18], [27, 1091], [122, -61], [78, 368], [129, -33], [-98, 384], [276, 709], [21, 434], [-148, 347], [60, 556], [-109, 640], [-247, -20], [-31, 501], [95, 601], [-157, 438], [-9, 423], [-204, -35], [109, 1597], [-163, 1615], [8, 943], [131, 641], [-49, 1306], [105, 1462], [-51, 806], [205, 735], [320, 646], [71, 590], [-101, 639], [67, 284], [1424, -3111], [743, -636], [365, 99], [995, -959], [349, -150], [201, 144], [262, 1102], [408, 834], [738, 136], [1962, -1474], [871, -1725], [1408, -2281], [551, -446], [989, -1337], [473, -216], [169, -451], [374, -469], [390, -1004], [280, 322], [1253, -6013], [122, -25], [3955, -26703], [986, -5621], [672, -3198], [1247, -4025], [1296, -3430]], [[103928, 311368], [-111, -146], [-163, 279], [-38, -699], [-163, 1005], [-284, -550], [-142, 867], [49, 604], [-94, 285], [-112, 1217], [34, 457], [138, 328], [37, 698], [292, 233], [-11, 656], [137, 173], [-23, 914], [52, 173], [-260, 1254], [57, 1244], [-190, 763], [502, 427], [-16, 604], [-517, 1092], [-73, 1000], [452, 1013], [235, 122], [423, -202], [300, 269], [784, 1037], [67, 543], [57, -13], [-31, -408], [-366, -1013], [-37, -805], [168, -177], [14, -573], [262, 6], [-4, -189], [103, -104], [229, 378], [12, -1324], [800, -18], [71, -262], [21, -3674], [-1283, 3], [-15, -2452], [-348, -31], [-4, -543], [-138, -6], [-4, -494], [182, -130], [-10, -842], [-176, -177], [-12, -677], [-464, -360], [-71, -1073], [-89, 0], [-14, -446], [-207, -30], [-8, -226]], [[205447, 606768], [48, 276], [175, 53], [59, 488], [-51, 289], [-60, -65], [11, 279], [179, 756], [68, 10], [-55, -309], [83, -201], [235, -23], [-18, -200], [205, -79], [31, -227], [-250, -423], [98, -533], [-152, -660], [61, -578], [-204, -394], [-198, 227], [-42, 574], [-223, 740]], [[184423, 671133], [52, 391], [265, 523], [46, 509], [79, -1170], [-49, -195], [124, -542], [-64, -222], [59, -488], [-82, -648], [-108, 387], [-180, 56], [-142, 1399]], [[174013, 731908], [97, 423], [-5, 650], [299, 620], [286, -476], [103, -811], [-134, -1148], [-225, -367], [-259, 186], [18, 425], [-180, 498]], [[165498, 759973], [51, 422], [104, 40], [413, -1396], [166, -46], [64, -436], [-90, -157], [-29, -378], [-52, 220], [-141, -47], [-45, 271], [-274, 57], [17, 849], [-184, 601]], [[170566, 757490], [282, 635], [55, 1141], [-108, 1457], [149, 1494], [124, 68], [93, 341], [163, -356], [107, 154], [100, -552], [117, 79], [45, 629], [151, -1208], [64, 80], [27, -235], [175, -168], [1, -847], [-166, -274], [104, -244], [-203, -1061], [-22, -576], [64, -345], [338, -76], [56, 622], [194, 708], [125, -33], [90, -421], [95, 320], [1, -430], [104, 160], [28, -259], [163, 206], [61, -224], [111, 182], [139, -189], [-529, -1853], [32, -601], [120, -68], [-179, -275], [68, -287], [-29, -337], [-194, -10], [69, -648], [-66, 43], [-20, 333], [-195, -222], [-327, -1423], [0, -355], [-319, -412], [-381, 338], [-54, 1244], [-148, -365], [-73, -636], [-65, 31], [-16, -694], [-165, 1385], [26, 1647], [-228, 1072], [-154, 1315]], [[153441, 601941], [446, 1829], [111, 1262], [-403, 1184], [9, 1752], [-403, 1906], [-394, 231], [77, 825], [-43, 489], [437, 2550], [-214, 1313], [-206, -154], [-343, 489], [-145, 669], [-292, -334], [-325, 1030], [-403, -155], [-257, 1159], [-77, 876], [-318, 206], [-377, -387], [-128, 181], [-292, 669], [9, 567], [-343, 1365], [-137, -335], [-249, 1133], [-454, -361], [-343, 1159], [-642, 180], [-138, 593], [-231, -52], [-231, -1236], [-258, -489], [-497, 901], [-642, 489], [85, 696], [232, 489], [-52, 592], [172, 721], [-43, 2627], [103, 515], [274, 77], [34, 695], [-351, 618], [-9, 593], [420, 1287], [-548, 1262], [-146, 1055], [-214, 490], [-249, 1828], [120, 1313], [-128, 592], [25, 438], [489, 128], [317, 721], [-51, 644], [265, 1262], [-163, 746], [-25, 644], [-352, 1107], [232, 1725], [-369, 1287], [0, 1133], [-291, 1133], [205, 1210], [249, 257], [189, -412], [257, 695], [-18, 1262], [292, 746], [146, 670], [17, 643], [-617, 1648], [34, 952], [-351, -51], [-515, 1081], [-574, 77], [-60, 1545], [-557, 1364], [-26, 695], [-488, 257], [25, 876], [-360, 463], [-222, -283], [-480, 154], [-420, 1828], [-643, 77], [-394, -309], [-189, 592], [94, 1004], [180, 360], [103, 747], [-8, 643], [180, 798], [-43, 2034], [-300, 1235], [-95, 1184], [129, 849], [-103, 2909], [223, 1750], [-180, 1776], [154, 566], [-205, 1235], [205, 515], [129, 2985], [334, 361], [137, 900], [-197, 2110], [146, 978], [-112, 721], [86, 746], [523, -154], [128, 1827], [-239, 849], [-395, -335], [-480, 2213], [52, 1313], [-395, -438], [-231, 927], [-411, 154], [-95, 592], [-231, 386], [-129, 669], [-282, 283], [-52, 2599], [463, -129], [411, 2187], [-197, 2213], [129, 1080], [-317, 1235], [-266, 618], [171, 3576], [-265, 1749], [-249, 489], [-77, 798], [34, 617], [386, 103], [480, 1286], [137, 1132], [-103, 746], [197, 257], [137, -257], [146, 180], [-163, 695], [-8, 669], [-103, 566], [34, 566], [-265, 1492], [60, 668], [-206, 1132], [-17, 2547], [308, 1980], [-205, 1081], [-249, 51], [69, 900], [-335, 1029], [129, 1441], [-189, 1466], [26, 1569], [-129, 643], [86, 1286], [-360, 1388], [86, 1389], [497, 926], [369, -514], [368, 2417], [591, 1518], [789, 3651], [1397, 2958], [1474, 4063], [1757, 5914], [673, 2944]], [[147343, 767506], [648, -1729], [612, -686], [68, 232], [13, -472], [157, -72], [30, 562], [-78, 359], [462, -1564], [443, -1084], [822, -1231], [1531, -4645], [262, -78], [1530, -6483], [2047, -6744], [1335, -3523], [334, -367], [1153, -2042], [1708, -3777], [2265, -6722], [849, -2095], [642, -1161], [146, -51], [1527, -3023], [931, -1327], [919, -756], [439, -87], [141, 115], [-26, 433], [224, 489], [641, -975], [748, -1635], [1392, -3748], [2090, -6591], [3070, -8505], [293, -1211], [320, 489], [63, -336], [-165, -1040], [302, -1263], [740, -4193], [95, -35], [41, -446], [688, -449], [196, -420], [71, -844], [-217, -725], [28, -191], [1050, -5833], [104, -1285], [100, -136], [425, -2247], [103, -163], [63, -1188], [-52, 568], [-216, -54], [-2, -220], [11, -651], [78, -1], [-84, -235], [198, -1394], [929, -4745], [221, -871], [211, 9], [105, -229], [-41, -805], [392, -1895], [614, -4332], [3177, -18815], [3333, -18323], [3238, -16731], [-48, -622], [759, -4240], [-437, 105], [-288, -1278], [-140, -1262], [140, -2129], [1120, -8365], [-38, -355], [143, -1225], [-104, -414], [38, -703], [-93, -433], [37, -507], [126, -347], [-144, 234], [104, -426], [-106, 188], [136, -2156], [-146, -446], [-183, 501], [-147, -664], [-61, -1056], [41, -1298], [366, -3422], [1139, -8555], [-73, -357], [270, -2050], [-118, -409], [251, -2109], [-31, -545], [-173, -446], [-202, -1043], [-84, 373], [-374, 14], [-156, -508], [-119, -6], [-227, -1680], [-204, -5147], [184, -2352], [382, -3193], [-35, -1276], [138, -1174], [-102, -767], [-26, -2560], [656, -4415], [837, -4337], [382, -1433], [5, -1269], [-122, -1086], [84, -555], [-173, -694], [-35, -1580], [-181, -718], [31, -621], [-34, 279], [-87, -10], [33, -345], [-111, -138], [-89, 174], [-63, -187], [-10, -819], [113, -958], [-172, -114], [-55, -1150], [-127, -128], [38, -1062], [-89, -1253], [-112, -9], [66, 963], [-296, 112], [-169, -352], [-73, -2348], [-158, -503], [-174, 231], [-28, -203], [-78, 523], [-288, -57], [39, -106], [-225, -1116], [-156, -2318], [84, -2095]], [[157806, 774410], [68, 1145], [-55, 270], [97, -219], [147, 110], [1, 760], [196, 447], [119, -190], [217, 275], [90, 992], [233, 1036], [23, -852], [426, -560], [122, -616], [-76, -305], [23, -539], [-76, -634], [129, -391], [108, -880], [-201, -847], [30, -509], [-205, 374], [-174, -415], [-101, 665], [-327, 976], [-388, -670], [-17, -1140], [-160, -318], [-40, 719], [-121, 87], [-88, 1229]], [[156614, 775055], [25, 1678], [98, 570], [-77, 294], [65, 376], [-78, 596], [121, 328], [-49, 506], [117, 839], [-75, 481], [181, 433], [280, -110], [17, -441], [-195, -145], [-99, -688], [51, -352], [128, -146], [2, -269], [105, -64], [-47, -343], [-154, -73], [-29, -403], [99, -550], [247, -298], [165, -608], [4, -1317], [-124, -685], [-200, -466], [-513, 434], [-65, 423]], [[115878, 369176], [-118, 65], [-38, 507], [-105, 249], [-165, 56], [-133, 317], [-365, -58], [-187, -801], [-244, 12], [-505, 1746], [-462, -280], [-625, 833], [-273, 1599], [-386, -7], [-753, 1074], [-659, 2148], [-557, 2864], [-332, 1213], [-589, 406], [-331, 752], [13, 2082], [-32, 583], [-390, 536], [-695, 1739], [106, 1118], [129, 250], [119, 848], [-43, 1928], [514, 606], [114, 749], [110, 20], [162, 883], [316, 819], [199, 917], [-397, 1058], [18, 861], [-68, 78], [-10, 696], [-135, 508], [-125, 829], [-10, 1462], [-81, 689], [-466, 2000], [-8, 540], [-114, 1345], [-151, 828], [55, 571], [-39, 1386], [196, 787], [185, 227], [117, 969], [246, 1056], [60, 1298], [424, 1619], [65, -204], [288, 297], [283, -117], [153, 594], [198, -187], [69, 1934], [121, 453], [-62, 553], [88, 255], [-140, 862], [70, 376], [-48, 1073], [169, 188], [70, 1050], [99, 144], [66, 1360], [-33, 287], [-224, -22], [-88, 398], [70, 620], [-103, 365], [-375, -89], [-183, 1559], [-41, 586], [-331, 89], [-169, 320], [-169, 796], [85, 321], [4, 564], [-81, 641], [77, 642], [-81, 376], [-165, 22], [-639, 2178], [180, 818], [-210, 962], [33, 542], [-40, 155], [-136, -148], [-115, 241], [-195, 117], [-34, 329], [-316, 799], [-99, -9], [13, 205], [-261, 663], [-200, -61], [-168, 1257], [156, 803], [-322, 375], [-119, -157], [-136, 297], [-455, -830], [-224, 53], [-14, 262], [-206, 340], [-415, -358], [-293, 201], [-258, -384], [-374, 253], [-195, 1528], [-536, 52], [-253, 1170], [-423, 358], [-200, 1134], [-195, 350], [-568, 2016], [-589, 2619], [-131, -96], [-23, 506]], [[88259, 579522], [141, 85], [466, -700], [677, 679], [163, 636], [141, -64], [155, -594], [212, 149], [233, -679], [494, -657], [338, -1782], [325, -658], [212, -148], [183, -1824], [183, -297], [269, 42], [190, -212], [261, 318], [184, -466], [444, 212], [-77, 975], [296, 2864], [176, 276], [163, -340], [190, 340], [184, -22], [289, 1125], [49, 551], [233, -785], [508, 85], [141, 594], [198, -21], [56, -806], [325, -234], [621, -1357], [113, -1570], [233, -1336], [338, -85], [360, 488], [445, -657], [331, -1824], [318, 0], [14, -955], [233, -636], [108, 141], [26, 643], [351, 258], [257, -103], [197, 335], [206, -52], [197, -953], [51, -824], [154, -412], [138, -26], [145, 181], [26, 463], [531, 1288], [197, 0], [163, -335], [377, -26], [180, 515], [360, 335], [8, 438], [274, 773], [-34, 592], [77, 1236], [129, 386], [85, 1314], [129, 154], [128, -154], [711, 1081], [523, 181], [214, 412], [249, 77], [60, 463], [111, 206], [171, -386], [103, 438], [291, 26], [112, 206], [-129, 669], [0, 824], [326, 283], [171, -283], [0, -438], [146, -128], [111, -490], [206, -257], [145, 103], [180, -438], [215, 52], [-52, 824], [94, 257], [-102, 773], [180, 25], [102, 387], [283, -490], [180, 2292], [-69, 593], [112, 592], [0, 1390], [223, 824], [17, 1803], [-214, 978], [145, 1725], [-77, 1468], [86, 464], [180, 51], [34, 464], [-154, 643], [137, 773], [-137, 1596], [17, 2652], [94, 515], [-17, 592], [274, 1571], [626, -515], [214, 103], [-35, 746], [232, 103], [282, -360], [300, 26], [480, -1571], [-120, -3939], [161, -931], [454, -463], [145, 1056], [335, -129], [248, -2524], [-60, -670], [129, -2267], [257, -257], [249, 566], [42, 593], [215, 206], [128, -1546], [249, -592], [488, -180], [429, -773], [-34, -1031], [282, -618], [-197, -876], [163, -798], [-171, -2422], [188, -1030], [9, -1958], [488, -1031], [472, 0], [34, 2164], [163, 1494], [411, 1675], [17, 1082], [155, 927], [617, 309], [274, 1675], [-51, 1932], [471, 4559], [-86, 2473], [146, 850], [-240, 2009], [51, 1494], [746, 1236], [-17, -438], [249, -386], [25, -1288], [840, -1726], [-120, 1314], [189, 232], [-60, 1082], [771, 798], [-51, -1494], [180, -386], [0, -335], [223, -438], [102, -1082], [335, -978], [188, 154], [137, 1520], [249, -181], [308, -1519], [283, -26], [120, -773], [232, 26], [111, -309], [129, 309], [-60, 1365], [411, 1237], [197, -902], [789, 1082], [411, 1339], [257, 52], [163, 566], [1071, 670], [600, -4173], [-111, -2138], [326, -1390], [745, -1057], [455, -1571], [265, -360], [172, -1082], [300, -438], [240, -1211], [60, -1262], [-146, -593], [68, -515], [455, -206], [360, -1056], [343, -1881], [617, -489], [728, -1288], [574, 953], [-291, 2112], [223, 644], [334, -128], [240, 257], [274, 721], [660, 104], [395, 695], [814, -876], [523, -1494], [1002, -1520], [849, 155], [60, 876], [274, -206], [163, 128], [51, 1572], [523, 2035], [403, 438], [103, 1262], [343, 1159], [-9, 1031], [-308, 437], [-180, 799], [0, 721], [317, 1056], [377, -103], [223, 541], [505, -129], [626, -566], [317, 953], [446, -181], [497, -695], [617, 438], [206, -283], [240, 257], [583, -953], [-95, -721], [1509, -3194], [685, -1984], [232, 361], [351, -232], [309, 1056], [300, 335], [257, -155], [-9, 902], [155, 541], [222, 155], [395, 1674], [25, 1288], [163, 463], [266, 155], [960, -3117], [188, 618], [335, 206], [248, -721], [274, -51], [189, -541], [351, 51], [-25, 1314], [154, 592], [-146, 2396], [-43, 2292], [-402, 1211], [222, 721], [-68, 464], [137, 386], [-9, 464], [189, 979], [-9, 824], [-171, 824], [394, 1056], [60, 927], [575, -850], [428, -128], [369, -1572], [668, -103], [360, -489]], [[153441, 601941], [1008, -7117], [1176, -543], [693, -1723], [724, -2537], [754, -725], [2744, -1451], [905, 363], [694, 906], [603, -634], [693, -1904], [784, -3444], [212, -2538], [331, -2085], [-754, -2175], [151, -1722], [603, -1723], [-301, -1450], [-1478, -1451], [-362, -1903], [1116, -8069], [1176, -3082], [2081, -1179], [2111, 2176], [784, -181], [935, -3899], [663, -1451], [272, -2629], [512, -1723], [-120, -1360], [-905, -5350], [151, -1813], [422, -2176], [-362, -1451], [-1568, 906], [-935, -2357], [-482, -4716], [-875, -544], [-60, -2358], [30, -3355], [-1056, -4444], [724, -5895], [-301, -3356], [-996, -2177], [0, -1723], [604, -3084], [1055, -1179], [1327, 1179], [1478, 2449], [1025, -272], [2714, -1905], [754, -2449], [1448, -544], [663, -1270], [905, -4354], [874, -1452], [814, -2903], [875, 454], [543, 1361], [573, 0], [392, -2994], [1447, 91], [543, -3992], [995, -2177], [-150, -3629], [633, -4536], [1116, -1633], [1115, 1179], [483, 4264], [-211, 4174], [-513, 4717], [61, 4354], [-302, 3629], [-513, 2177], [-30, 4263], [875, 6168], [-181, 5260], [271, 1814], [905, -90], [724, -1905], [1025, 0], [2447, 1591], [886, -159]], [[193608, 514476], [196, -2174], [18, -1631], [-219, -736], [-866, 447], [-376, -657], [-280, -1684], [-122, -4577], [-227, -368], [-158, -763], [-239, 60], [6, 275], [-148, -208], [-306, -1069], [-99, -1031], [95, -3544], [221, -3034], [280, -2210], [15, -1392], [649, -5433], [752, -3442], [74, 105], [66, -296], [-53, 145], [-57, -254], [290, -1267], [-133, -145], [-98, 275], [-206, -287], [-310, 1570], [-284, -389], [118, -595], [150, -94], [268, -1400], [340, 273], [17, -185], [243, 51], [-22, -451], [255, -171], [105, -541], [-259, -207], [-9, -797], [-182, 12], [-1031, 1873], [-411, -375], [-71, 109], [-355, -949], [-923, -4142], [-158, -1436], [-251, -1251], [-127, -2590], [72, -1527], [-26, -1888], [212, -3440], [296, -3279], [-78, -681], [149, -1553], [-201, -306], [-56, -365], [44, -1710], [-124, -422], [-305, 909], [-461, 183], [-741, -325], [-93, -1937], [-320, -1550], [-268, -2256], [-139, -2478], [-5, -2246], [308, -3324], [446, -3338], [259, -1644], [1186, -5885], [2583, -10139], [1133, -4075], [1066, -2753], [447, -674], [182, -1261], [15, -3202], [-97, -3541], [-190, -1326], [-87, 401], [74, 1234], [165, 1114], [-38, 186], [-413, -1048], [-418, -1467], [-614, -2668], [-777, -8158], [-223, -5903], [-14, -2181], [126, -4439], [262, -4732], [598, -7449], [4, -1424], [193, -4052], [-169, -5707], [273, -9852], [-138, -3686], [-105, -925], [-410, -882], [-94, -1611], [-23, -14016], [-47, -2366], [-124, -1559], [35, -1382], [503, -5445], [553, -4422], [472, -2464], [1123, -4715], [502, -1203], [1823, -7252], [703, -2238], [478, -918], [330, -1404], [879, -2469], [2245, -5824], [300, -886], [228, -1380], [210, -538]], [[203465, 278133], [-292, -719], [-426, -430], [-516, 1001], [-507, 341], [-198, -261], [-282, -1501], [231, -2460], [86, -389], [252, -354], [274, 518], [-11, 499], [-214, 917], [17, 690], [195, 394], [242, 94], [254, -353], [30, -592], [-242, -1595], [160, -430], [399, -460], [-14, -392], [-404, -727], [-29, -721], [552, -1310], [64, -705], [-116, -340], [-449, -289], [-167, -641], [72, -581], [509, -253], [41, -774], [-277, -239], [-367, 480], [-278, -154], [-239, -690], [-185, -1376], [71, -759], [130, -153], [137, 141], [313, 1332], [148, -12], [129, -361], [50, -2826], [-173, -89], [-95, 1203], [-83, 206], [-167, -96], [-725, -2072], [-33, -295], [188, -1016], [-265, -1019], [-28, -871], [168, -693], [482, 850], [651, -233], [249, 519], [160, -87], [17, -251], [-301, -950], [-87, -1241], [324, -628], [345, -1201], [-1, -2204], [112, -334], [337, -210], [-636, -3689], [-471, -107], [-227, 493], [-144, 730], [-81, -683], [79, -1279], [-3590, 5172], [-3402, 5291], [-641, 2399], [-650, 1712], [-265, 420], [-779, 587], [-539, -236], [-3167, 5123], [-3301, -2099], [-6993, -8280], [-9092, 10914], [-707, 1849], [-4067, 14402], [-1502, 5494], [-2150, 8891], [-288, 815], [-5191, 5022]], [[155879, 303922], [43, 294], [-137, -152], [-75, 208], [98, 188], [-211, 1475], [95, 252], [-35, 542], [117, 575], [-136, 1544], [-22, 1372], [-323, 1443], [-1138, 886], [-9276, 18364], [-1960, 5955], [-2872, 10865], [-6928, 4706], [-4827, 4812], [-720, 2662], [-169, 109], [-303, -206], [-85, -414], [-333, -52], [-162, 853], [-408, -111], [30, -950], [-62, -518], [-77, -36], [-242, 546], [-557, 12], [-593, -1448], [-282, -40], [-240, -989], [4, -1476], [-102, 40], [-108, 754], [-72, 4], [-428, -762], [-305, 606], [1, 1871], [-175, 387], [-37, 774], [199, 678], [5, 431], [-224, 1304], [16, 627], [-104, 913], [-301, 1584], [-294, 195], [-143, -259], [-278, 682], [-218, -243], [-324, 48], [-117, -316], [-325, -167], [-467, 754], [-17, 247], [-317, 754], [-272, -160], [-454, 567], [-261, 802], [159, 227], [41, 881], [-81, 982], [-150, 327], [-4, 1659], [-105, 343], [-93, -235], [-282, 235], [-571, -459], [-366, 1971], [-166, -8], [-302, 706], [-200, -678], [-8, -1153], [-180, -1077], [-290, -287], [-495, -1566]], [[4122, 822638], [119, 348], [46, 530], [114, 165], [105, 1060], [205, 1061], [61, 42], [-23, -1363], [219, 1143], [255, 269], [-62, 630], [122, -368], [-94, -414], [-4, -581], [217, -478], [257, -62], [-36, -1170], [-662, -1402], [351, -311], [-86, -688], [218, -128], [69, -333], [-174, -583], [-81, -824], [-156, 526], [-581, 91], [-67, -191], [-64, -1352], [-99, -292], [-92, 1417], [244, 283], [-234, 1699], [114, 623], [-141, 101], [-60, 552]], [[3639, 826798], [246, -855], [102, -181], [178, 98], [-62, -260], [55, -959], [-279, -969], [-184, 263], [-23, 473], [-86, 186], [104, 1036], [-39, 420], [-101, 191], [89, 557]], [[9186, 826639], [141, 1691], [250, 635], [190, 1773], [443, 568], [50, 326], [195, 329], [198, -1054], [210, -37], [-86, -632], [270, 25], [47, -202], [-54, -866], [90, 236], [121, -94], [-45, -489], [-189, -484], [-66, -950], [160, -229], [285, 104], [20, -564], [-352, -2208], [-27, -906], [-87, -154], [-88, -63], [-75, 1917], [-541, -117], [-113, -470], [-172, 246], [-111, -150], [-34, 224], [-107, -91], [-192, -784], [-331, 2470]], [[6496, 824059], [146, 678], [141, -138], [-107, 1408], [263, -233], [64, 336], [111, -228], [-77, -247], [36, -236], [236, 106], [-118, 499], [19, 700], [310, 311], [187, 471], [-143, 343], [45, 672], [80, 368], [24, 875], [122, -38], [92, 795], [47, -40], [-36, 772], [19, 346], [134, 227], [-48, 426], [274, 595], [176, -261], [329, 596], [417, 231], [128, 267], [77, 1324], [153, 532], [216, 105], [66, 429], [371, -116], [62, -283], [-161, -390], [70, -771], [-105, -979], [96, -527], [-296, -148], [-267, -961], [-216, 179], [-114, -510], [76, -2521], [-349, -1484], [1, -1473], [382, -1807], [37, -623], [172, 94], [180, 829], [170, -730], [-43, -131], [-96, 292], [-91, -183], [-27, -942], [-248, 48], [105, -805], [-43, -285], [136, -281], [-107, -257], [-140, -1461], [-179, -100], [-83, -350], [38, -1133], [-134, -19], [-67, 219], [-58, -696], [-231, -532], [9, -278], [149, -105], [0, -394], [-201, 510], [-67, -123], [-103, 568], [-152, -409], [-47, 796], [56, 261], [-101, 398], [35, 801], [-67, 370], [-239, -29], [-108, -1043], [-154, -382], [11, -193], [-120, 537], [-64, -229], [39, -348], [-100, -168], [-75, 1058], [172, 394], [-46, 799], [-162, 519], [5, 488], [-108, 181], [-80, 1647], [-67, -22], [-172, -1000], [-175, -85], [-35, 203], [168, 227], [-217, 321], [66, 551], [-61, 141], [133, 613], [-163, -227], [-183, 498]], [[2343, 835583], [2, 274], [380, 628], [16, 884], [163, -20], [84, -286], [230, 259], [29, -830], [-93, -260], [12, -348], [-109, -177], [-25, -483], [-43, 159], [-127, -86], [-83, 142], [182, 354], [-43, 410], [-171, -765], [8, -172], [-67, 147], [-250, -316], [-95, 486]], [[12400, 838462], [94, 289], [-13, 273], [277, -305], [-16, 461], [129, 355], [154, -226], [136, 250], [184, -94], [121, 292], [349, -133], [74, -211], [79, 383], [286, 160], [99, 418], [146, -90], [121, 269], [73, -116], [90, -827], [170, -51], [-11, -845], [-206, 45], [89, 406], [-178, 167], [-196, -1292], [63, -481], [-121, -589], [31, -604], [-95, -601], [-76, 69], [33, 346], [-83, 863], [-396, 186], [-38, 183], [89, 631], [-33, 263], [-383, -227], [-242, 126], [-26, -255], [-230, 302], [-15, 308], [-114, -538], [-77, 333], [-48, -307], [-144, -176], [-21, 400], [-125, 190]], [[13648, 853938], [152, 569], [-26, 523], [78, 83], [-1, 611], [41, -176], [106, 369], [-29, 713], [234, 1329], [8, -491], [-222, -1800], [38, -999], [-155, -1844], [68, -293], [-62, -171], [-118, 463], [-112, 1114]], [[12179, 857807], [182, 1143], [11, 804], [298, 303], [13, 414], [195, -389], [84, -1559], [108, -158], [97, 477], [113, 44], [0, -1689], [67, -823], [171, -800], [-79, -373], [174, 174], [126, -195], [-156, -600], [26, -348], [-113, 160], [-91, -150], [-278, 997], [-486, 500], [-317, 840], [-145, 1228]], [[0, 857318], [107, 450], [354, 163], [231, -310], [84, -488], [194, -184], [169, 389], [23, -619], [211, -675], [312, 338], [102, 436], [-7, 571], [98, 84], [4, 211], [234, -433], [175, 209], [39, -252], [140, -86], [789, 629], [194, -274], [619, -244], [299, -434], [294, 234], [80, -300], [-231, -508], [-17, -1274], [-119, -420], [245, -2], [103, -1027], [317, 1664], [-53, 367], [80, 294], [-22, 262], [307, 99], [88, 628], [41, -221], [116, -27], [-65, -303], [60, -342], [218, -15], [32, -344], [13, 364], [105, -398], [345, 322], [-60, 926], [-73, 111], [157, -96], [-70, -26], [39, -623], [141, -134], [78, 248], [-31, 265], [154, -274], [64, -287], [-69, -318], [71, 129], [85, -370], [464, 21], [493, 450], [677, 3522], [329, 1186], [101, 42], [76, -482], [140, -36], [488, 1290], [307, -1327], [306, -269], [269, -851], [-2, 905], [-145, 486], [32, 293], [-123, 955], [-4, -231], [-97, 159], [-169, -348], [-14, 341], [-152, 134], [-31, -245], [-112, 287], [-46, -134], [-118, 209], [-76, 394], [65, 199], [-124, 388], [-117, -261], [8, -598], [-142, 166], [-3, 447], [113, 73], [144, 1148], [69, 275], [91, -68], [182, -368], [162, -756], [76, 2], [-2, 522], [366, -584], [91, 187], [103, -248], [108, 52], [-43, -554], [318, -633], [-11, -232], [72, -97], [-191, 116], [44, -288], [-60, -202], [286, -276], [108, -583], [-190, -482], [55, -343], [-112, -583], [103, -282], [-141, -374], [56, -248], [74, 171], [-27, -385], [207, -224], [16, 330], [62, 23], [89, -399], [-65, -47], [8, -227], [75, -68], [5, 263], [80, 19], [24, -443], [105, -41], [161, -488], [180, 388], [308, -1282], [36, 233], [47, -384], [158, -305], [16, 503], [125, -205], [131, -849], [48, 332], [81, -38], [286, -1550], [32, -1407], [124, -989], [223, 23], [-32, 337], [143, 442], [150, -416], [58, -1633], [-178, -687], [-5, -600], [-118, -155], [1, -339], [97, -149], [-229, -11], [-157, -646], [92, -656], [239, -540], [215, -1074], [112, 43], [73, -258], [27, -538], [-89, -899], [83, -780], [-126, -187], [-50, -678], [-219, 87], [-42, -265], [-67, 120], [-467, -450], [-60, -581], [-247, 293], [-244, -304], [-78, -442], [-136, -26], [-52, -292], [109, -857], [-402, -911], [-128, 144], [-118, -142], [-168, 493], [-147, -104], [-61, -582], [148, -377], [49, -769], [-229, -963], [45, 913], [-414, 447], [-73, -109], [-96, 1205], [132, 144], [-74, -50], [-15, 285], [120, 75], [-24, -285], [46, 222], [-117, 405], [-42, 640], [-58, -64], [-87, 304], [76, 311], [-93, -44], [-8, 180], [-20, -312], [-98, 277], [86, 257], [-122, -148], [-114, 393], [-137, -78], [37, 385], [-90, 71], [-89, -65], [-40, -397], [-71, 216], [-53, -420], [-99, 24], [42, 398], [-105, 86], [-50, -239], [-8, 328], [-10, -312], [-154, 170], [-350, -441], [68, -230], [-252, 331], [-245, -376], [-201, 115], [-74, -210], [63, -333], [-214, -27], [54, -90], [-86, -331], [44, -354], [-57, -194], [59, 1], [16, -378], [-84, 24], [-62, -544], [-168, -527], [-74, 94], [-77, -493], [-214, -129], [60, -294], [-293, -1098], [-164, 181], [-22, -383], [-173, -52], [-33, -422], [-108, -201], [27, -293], [-115, -285], [-307, 662], [-234, -361], [-221, 612], [-135, -363], [14, -633], [-241, 340], [38, -417], [-61, 16], [-15, -335], [83, -518], [-44, -157], [-70, 148], [-4, -465], [-193, 165], [-26, -556], [-284, 403], [27, -628], [-112, 200], [-157, -193], [91, -690], [-48, -242], [-59, -143], [-208, 326], [-92, -234], [-106, 479], [174, 465], [49, 461], [-150, 2413], [-154, 1173], [-348, 1032], [34, 708], [-147, 189], [145, -127], [2, 252], [-297, 775], [437, 1943], [35, 570], [-30, 1259], [-76, 493], [-132, 113], [164, 405], [-69, 921], [-184, 830], [29, 392], [-277, 1013], [-152, -395], [-242, -54], [-77, 245], [-259, -212], [-184, -623], [-161, 546], [-214, -160], [-138, 327], [114, 1100], [-135, 303], [-56, -253], [141, -284], [-72, -287], [-33, 254], [-255, 206], [-214, -281], [-74, -371], [-250, 439], [-264, -519], [-277, -210], [-178, 276], [-27, 399], [-279, 962], [17, 586], [-149, 933], [-9, 1622], [-72, 94], [-29, 550], [131, 637], [-65, 995], [50, 797], [-50, 382], [-111, 162], [19, 2190], [-62, 721]], [[35633, 725653], [-52, 346], [125, 4973], [-30, 3713], [-89, 2522], [-200, 387], [-207, -146], [14, 229], [120, 126], [-69, 841], [198, -91], [137, 288], [158, 1478], [78, 143], [138, -507], [245, -185], [118, -547], [193, -200], [233, 264], [143, -138], [308, 813], [153, 92], [-3, 689], [-102, 529], [-333, 161], [-388, 1290], [-177, 901], [-138, 1334], [37, 1033], [524, 4533], [22, 1039], [-70, 327], [-150, 65], [-27, 284], [123, -1], [68, 281], [200, 1902], [101, 2076], [-17, 3374], [76, 2131], [-241, 5547], [-102, 587], [-56, 2238], [-214, 1621], [-122, 14], [132, 103], [60, 2113], [-199, 7461], [-238, 4091], [45, 777], [-149, 758], [-502, 5832], [-537, 4475], [-807, 3746], [-554, 1747], [-589, 1438], [-129, 612], [-73, 592], [27, 840], [-305, 1314], [-119, 3891], [-674, 5690], [-1164, 6036], [-181, 274], [-125, 530], [42, 169], [-1212, 3247], [-542, 831], [-87, -89], [-195, 481], [-28, 343], [265, 470]], [[37260, 873186], [-148, 263], [198, 912], [474, -526], [106, -484], [145, 75], [58, -614], [467, -163], [242, 377], [45, -995], [262, -170], [156, -934], [248, 98], [79, -666], [157, -169], [144, -55], [253, 801], [114, 165], [52, -206], [132, 108], [263, 596], [115, -149], [78, 209], [159, -214], [370, 110], [156, 778], [178, -106], [108, -914], [254, -91], [0, -457], [159, -187], [333, 544], [165, -169], [93, 189], [237, -258], [178, 471], [305, -644], [-22, -487], [-155, -226], [55, -1229], [180, -515], [119, 228], [113, -1111], [187, -136], [122, 291], [186, -1273], [182, 150], [185, -719], [263, 283], [78, -472], [330, 384], [250, -459], [266, 667], [317, -1031], [228, 1071], [264, 191], [230, 503], [543, -2052], [600, -753], [215, 226], [307, -276], [168, -399], [192, -986], [87, 130], [30, 394], [180, 47], [57, -441], [235, -518], [10, -569], [195, -354], [428, -316], [1023, 96], [-17, -782], [-175, -507], [158, -210], [46, -356], [195, -88], [85, -487], [514, 1292], [526, 138], [338, 335], [287, -63], [-42, 467], [136, 798], [-6, 462], [313, 74], [58, -166], [194, 269], [-21, 565], [73, 259], [228, -224], [323, 140], [144, 1675], [340, 580], [69, 813], [163, 672], [300, -10], [77, 343], [-77, 521], [115, 242], [-63, 462], [143, 35], [62, 725], [217, 8], [126, -529], [39, -866], [89, -139], [-72, -800], [-160, -587], [47, -747], [137, -380], [54, -678], [-2, -1340], [482, -2008], [152, -50], [81, -266], [87, 229], [485, -296], [185, 366], [199, 823], [300, -1018], [-31, -291], [280, -4], [217, -948], [611, -358], [213, -336], [144, 108], [104, -358], [21, -902], [124, -516], [-67, -349], [134, -557], [-37, -574], [234, -881], [169, -1646], [3, -433], [-125, -328], [-14, -424], [69, -2050], [85, -216], [-10, -619], [-148, -928], [50, -557], [-73, -362], [99, -889], [-43, -936], [303, -644], [49, -744], [104, -162], [245, -1144], [260, -1800], [-15, -711], [445, -1222], [41, -911], [-123, 129], [-242, -249], [-74, -1156], [-187, -46], [-127, -548], [76, -857], [-98, -328], [32, -516], [166, -507], [26, -848], [307, -2108], [-45, -333], [111, -553], [-111, -357], [-9, -769], [127, -470], [227, -1917], [135, -370], [198, 100], [133, 449], [519, 761], [-228, 798], [205, 1131], [-24, 1060], [64, 129], [3, 478], [81, 113], [137, -179], [47, -799], [85, -232], [152, -312], [217, -17], [61, -706], [309, -100], [34, -1476], [312, -774], [245, -162], [189, 578], [-8, 445], [212, 220], [63, 495], [240, 499], [248, -474], [409, -270], [732, -4], [9, 885], [140, 499], [-80, 719], [52, 1077], [403, 245], [60, 541], [152, -71], [51, 374], [281, 192], [112, 407], [28, 599], [-74, 507], [106, 150], [144, -42], [221, -486], [420, -150], [6, -408], [263, -1492], [145, -71], [60, -407], [182, -96], [195, -420], [114, 92], [228, -711], [120, -4], [118, -1086], [142, -324], [224, -17], [88, 479], [277, -370], [62, -412], [182, -50], [442, 811], [91, -142], [121, 179], [254, 674], [228, 133], [308, -216], [51, 573], [155, 308], [148, -545], [270, 329], [138, -387], [364, 632], [655, 137], [286, -519], [115, -495], [273, -349], [217, 12], [-51, -606], [-101, -194], [-216, -1302], [267, -914], [10, -622], [145, -223], [-17, -612], [153, -311], [-38, -549], [186, -714], [-185, -1264], [419, -607], [154, -1147], [-143, -189], [-335, -1074], [-294, -306], [-172, -466], [-381, -175], [-211, 209], [-169, -574], [-379, 428], [-23, -675], [-504, -535], [49, -1584], [-274, -204], [-337, -1195], [-171, -97], [-120, -1302], [152, -316], [87, 160], [75, -199], [340, 20], [171, -719], [601, -263], [141, 122], [265, -884], [265, -326], [100, -486], [194, 15], [127, -918], [-113, -637], [432, -63], [239, 228], [267, -690], [-17, -281], [136, -195], [66, -1394], [-48, -384], [-306, -24], [-300, -389], [101, -1035], [-82, -933], [-202, -408], [26, -252], [-84, -306], [35, -1093], [-323, -569], [35, -325], [-258, -1594], [129, -316], [134, 29], [46, -505], [408, -923], [-96, -1147], [-223, -398], [159, -1414], [-161, -457], [150, -1010], [101, -204], [-220, -530], [2, -461], [-129, -335], [38, -1529], [167, -272], [233, -10], [-44, -309], [99, -307], [390, -442], [45, -713], [-252, -439], [-39, -621], [-185, -377], [-89, -1244], [-87, -306], [-120, 273], [-397, -1211], [-324, -147], [232, -1263], [-159, -832], [-222, -586], [-36, -1120], [-194, 19], [-9, -420], [96, -434], [-123, -531], [-9, -916], [-91, -269], [-267, 960], [-241, 442], [-221, -136], [-371, 361], [-95, -43], [-72, -527], [-205, 22], [-40, -716], [-116, -189], [-318, 387], [-120, 513], [-377, 293], [-225, -488], [-230, -17], [-117, -271], [65, -477], [-33, -483], [119, -195], [32, -561], [-213, -469], [-147, -1131], [-157, -211], [-34, -659], [-225, -512], [5, -854], [-64, -353], [-207, -127], [62, -797], [-14, -1741], [-197, -854], [298, -2177], [-141, -116], [-119, -776], [-263, -439], [35, -639], [-143, -269], [-12, -721], [-142, -179], [-229, -813], [-399, -429], [21, -924], [130, -274], [85, -727], [33, -1922], [156, -157], [155, 382], [145, -889]], [[37260, 873186], [320, -3127], [-239, -2053], [-22, -3779], [-348, -4204], [-2066, -3421], [-913, -3421], [-519, -1352], [-3, -799], [-4426, -14748], [-7, -3960], [-517, -2541]], [[28520, 829781], [-210, -249], [-268, 478], [-347, 1362], [-718, 3953], [-132, 1521], [-84, 208], [-482, 3940], [10, 598], [-323, 1778], [-706, 6410], [-183, 1114], [-171, 172], [-108, 516], [120, 473], [-206, 603], [-263, 2914], [174, 21], [55, 361], [148, 18], [294, 599], [84, 933], [-53, 576], [117, 220], [-32, 615], [214, 599], [137, -133], [75, 523], [195, 220], [-180, 1634], [88, 607], [-30, 273], [243, 250], [68, 318], [-25, 524], [147, 455], [58, -205], [113, 102], [80, 387], [-212, 398], [-26, 292], [20, 269], [251, 80], [51, 849], [-65, 383], [59, 1206], [-112, 458], [-59, 1452], [-136, 933], [151, 174], [-77, 1236], [60, 236], [-75, 655], [27, 827], [-127, 1008], [0, 1331], [300, 796], [-55, 880], [56, 335], [-72, 626], [-113, 60], [41, 675], [278, -474], [45, -713], [128, -269], [177, 398], [35, 334], [98, -99], [199, -1125], [88, 890], [313, 57], [-55, 470], [92, 565], [-174, 584], [19, 584], [-151, 792], [22, 565], [115, 212], [0, 663], [-133, 451], [-138, -71], [-300, 671], [-54, 2016], [-80, 292], [67, 561], [-120, 679], [148, 159], [-36, 2293], [168, 421], [183, -46], [280, 656], [-5, 906], [-139, 1350], [102, 663], [-1, 1096], [-52, 329], [-184, 50], [-185, 1671], [350, 417], [15, 520], [381, 2062], [-19, 538], [509, 599], [36, 262], [122, -107], [172, 558], [140, 117], [-37, -388], [64, -398], [128, -217], [214, 129], [124, -238], [48, -906], [160, -626], [-12, -1001], [519, -1376], [150, 232], [108, -277], [92, 106], [242, -255], [171, 201], [3, 376], [153, -46], [118, 288], [86, 810], [126, 159], [-24, 738], [100, 115], [95, -172], [44, 486], [205, -633], [119, -1234], [58, -46], [89, 17], [278, 753], [275, 33], [87, 414], [252, 282], [138, -168], [192, 329], [223, -824], [-189, -809], [20, -479], [-93, -792], [219, -1701], [154, -282], [163, 372], [89, -126], [123, -1220], [89, -249], [-26, -231], [155, -279], [202, -63], [146, 238], [158, -523], [143, 196], [297, -239], [-74, -674], [-335, -878], [144, -756], [-23, -1077], [-238, -340], [-51, -498], [19, -274], [241, 132], [45, -861], [100, -388], [-31, -372], [128, -574], [-505, -1240], [-235, -82], [-80, -297], [-208, 39], [-34, -903], [100, 86], [265, -402], [177, 152], [224, -1913], [252, -444], [4, -464], [163, -239], [324, 115], [93, -212], [-38, -193], [290, -328], [-2, -779], [186, -608], [161, 278], [161, -9], [116, -656], [-14, -1119], [103, 37], [48, -429], [188, -289], [-100, -483], [74, -884], [261, -672], [60, -558], [301, -409]], [[50745, 507503], [34, 1891], [382, 14], [624, -392], [-28, -1790], [-976, -4], [-36, 281]], [[45728, 513302], [224, -3], [19, 294], [-198, 285], [6, 219], [59, 260], [145, -138], [92, 326], [128, -356], [-13, -363], [111, -436], [-128, -701], [35, -530], [-419, 3], [-61, 1140]], [[45609, 521057], [196, 269], [259, -30], [47, 331], [0, 944], [-392, 230], [-92, 639], [22, 475], [205, 375], [335, -61], [71, -368], [129, -101], [26, -1019], [107, -367], [-101, -268], [103, -424], [268, -165], [41, 437], [216, 374], [273, -723], [-63, -799], [266, -972], [117, -1638], [-6, -1195], [54, 49], [-49, -110], [123, -532], [-104, -335], [-29, -555], [229, -760], [-18, -369], [-107, -74], [-57, -509], [307, -872], [-32, -661], [-430, 454], [-171, -348], [-308, 238], [-156, 718], [30, 651], [-202, 1684], [-426, 530], [-202, -277], [-100, 500], [72, 518], [-26, 488], [-250, 638], [276, 509], [48, 1372], [-155, 137], [8, 342], [-257, 221], [-95, 409]], [[101092, 448402], [-751, 218], [-534, -386], [-937, -206], [-245, -2775], [68, -899], [215, -1163], [-12, -1854], [-140, -456], [-42, -524], [-301, 30], [-134, -589], [-57, -771], [-236, -208], [-201, -462], [-16, -549], [-263, 62], [-256, -619], [-63, 286], [-90, -562], [35, -379], [-96, -409], [-99, -26], [-85, -803], [-212, -204], [-140, -609], [-361, -85], [-423, -676], [-338, 1457], [-381, 881], [-155, 92], [-239, 931], [-143, -18], [-64, 112], [-231, -239], [-23, 217], [-264, 333], [-154, -26], [-103, 557], [-139, 652], [-4, 518], [-304, 582], [-102, -61], [-140, -20], [-31, -284], [-230, 321], [13, 316], [-155, 342], [1, 302], [73, 61], [-109, 280], [11, 223], [-65, -44], [55, 161], [-138, 527], [21, 404], [-231, 646], [4, 293], [-187, -16], [-20, 959], [-86, 19], [20, 146], [-103, 286], [41, 311], [-69, 334], [-91, -235], [-173, 409], [-163, -292], [-125, 82], [-109, -71], [-62, 230], [-166, -395], [36, 256], [-97, -167], [-28, 201], [-103, -52], [-46, 996], [-207, -113], [-76, 435], [-45, -311], [-165, -8], [-320, 636], [17, 357], [75, -129], [-41, 178], [-145, -96], [-159, 723], [-229, 222], [-72, 374], [-262, -356], [-68, 267], [67, 67], [1, 289], [-110, 166], [71, 77], [-123, 1139], [17, 674], [-48, 350], [-81, -111], [-29, 235], [-24, 312], [-197, 250], [3, 379], [-71, 190], [-33, -161], [-66, 604], [-135, -378], [-91, 511], [-144, -329], [-154, 494], [-201, -234], [-82, -343], [-62, 425], [-56, -511], [-127, 69], [-125, -615], [29, -318], [-172, 361], [-223, -182], [-65, 191], [-68, -373], [-172, 100], [1, -615], [-63, -182], [-84, 203], [-33, -493], [-109, 95], [-258, -308], [1, -1059], [128, -1187], [2, -1425], [298, -1112], [125, -1331], [42, -1059], [-48, -411], [124, -1455], [69, -47], [-43, -611], [192, -690], [44, -623], [-27, -210], [93, -37], [32, -308], [-16, -631], [-244, -1131], [57, -159], [-157, -916], [-236, -330], [-116, -251], [50, 310], [-195, 220], [-205, -578], [-142, 389], [-359, -835], [-53, -209], [-73, 169], [-160, -101], [57, -370], [-87, -150], [-42, -632], [-89, 17], [-33, -412], [-276, -367], [-155, 551], [22, 84], [-43, 200], [-92, -183], [-33, 301], [-107, -381], [-153, 192], [-39, -278], [-105, 149], [-18, -249], [-287, -156], [28, -668], [-40, -171], [-42, 214], [-11, -275], [-34, 238], [-32, -212], [-330, 344], [-57, -383], [-143, 172], [-195, 164], [-40, -235], [-94, 280], [-95, -29], [-23, 208], [-86, 298], [-132, -93], [-52, -194], [-142, 413], [-127, 376], [36, 108], [-73, 437], [-124, 21], [31, 314], [-89, 174], [81, 886], [130, 528], [-83, -188], [-16, 1110], [-78, -102], [75, 222], [-129, 341], [85, 98], [-11, 906], [97, 586], [-44, 103], [84, 133], [-2, 556], [65, 124], [-169, -16], [-120, 326], [-169, -77], [-51, 134], [-52, -468], [-78, 74], [-170, -398], [-193, -11], [-64, -265], [-372, -54], [-293, -702], [-173, -99], [33, 184], [61, 353], [-86, -30], [-31, 450], [116, -78], [4, 156], [-82, 354], [-147, -240], [24, -266], [-137, 55], [-52, 760], [-164, 32], [14, 297], [-97, 283], [-67, -171], [-10, 212], [-65, 198], [114, 466], [-195, 84], [-49, -261], [4, -543], [38, -865], [-170, 149], [-86, 396], [52, 225], [-105, 41], [-118, -482], [-202, -162], [-521, -1232], [-223, 849], [0, 699], [289, -787], [343, 1499], [436, 976], [-938, -507], [-135, -22], [60, 846], [-161, 918], [-36, 1146], [-35, 364], [-166, -34], [78, -995], [-81, -2670], [-84, 109], [-242, 1565], [-111, 1367], [-174, -178], [-54, -402], [189, -1528], [-35, -389], [-733, 879], [-213, 36], [-63, 348], [541, 1283], [20, 273], [-456, 781], [-55, 345], [-115, 1513], [-502, -2574], [59, -1289], [-90, -392], [-130, -15], [-340, 1474], [-175, 207], [-172, -742], [51, -1289], [-271, -201], [-91, 452], [-29, 1457], [-134, -9], [-253, -504], [-395, 96], [-195, -2058], [-232, -47], [-134, 557], [29, 489], [322, 1544], [-290, 2065], [975, -590], [241, -850], [100, -24], [85, 455], [-385, 1347], [-296, 598], [-50, 352], [271, 1858], [-151, 532], [-344, -868], [-233, -1332], [-523, -486], [-162, -355], [-51, -1119], [-190, -534], [-147, 267], [30, 2699], [-200, 902], [2, 321], [88, 842], [259, 847], [-97, 763], [-121, 56], [-300, -448], [-391, -1092], [-333, -61], [-436, -505], [-125, 448], [283, 1486], [-128, 1044], [-254, 679], [-423, -322], [-484, -811], [-553, 433], [-149, -148], [-293, -966], [-56, -509], [-39, -2704], [-49, -249], [-473, -360], [-419, 483], [-255, 949], [-112, 814], [15, 1383], [72, 459], [210, 474], [666, 1088], [69, 438], [-10, 1026], [-506, 1685], [-403, 368], [-795, 131], [-261, 373], [-37, 1575], [298, 2815], [8, 842], [-154, 591], [-597, -169], [-2288, -2400], [-1403, 185], [-606, -625], [-762, -147]], [[60671, 460258], [19, 743], [-74, 325], [-544, 118], [-599, 537], [-137, -184], [-65, 181], [-125, -332], [-693, -475], [-575, -1286], [-243, -38], [-117, 302], [-243, -42], [-334, 383], [34, -260], [-59, -29], [-753, 437], [35, 490], [-592, 151], [-262, 611], [-812, 4650], [-128, 326], [-5, 366], [-76, -38], [56, 264], [-71, 101], [-34, 546], [80, -35], [16, 209], [-72, -55], [97, 423], [-62, 188], [-198, -31], [70, 471], [-12, 1167], [-193, 6033], [16, 2403], [28, 584], [97, 314], [99, 2390], [190, 1094], [293, 694], [732, 262], [1188, -2086], [499, 1998], [-78, 693], [15, 1834], [339, 3991], [-50, 2307], [-207, 3494], [-626, 2963], [-808, 1467], [-419, 343], [-227, 2263], [-185, 956], [-751, 2430], [-155, 34], [-68, 447], [-560, 1110], [-134, -204], [-263, 559], [-782, 728], [-566, -257], [-282, 458], [-590, -225], [-128, -1088], [-194, -296], [4, -443], [-106, 33], [-59, -256], [-65, -8], [3, 335], [-193, 989], [-211, 197], [-35, -403], [-55, 60], [-132, 512], [15, 955], [-222, 1691], [-196, 557], [-77, -89], [-73, 365], [16, 1123], [372, 907], [-17, 1551], [-285, 899], [-395, 752], [-251, 1503], [75, 619], [-106, 555], [104, 82], [64, 1845], [-204, 483], [88, 2425], [-241, 256], [-122, 511], [105, 428], [-45, 2047], [-188, 471], [-37, -203], [-145, -33], [-39, 1402], [-239, 1023], [-100, 30], [-97, -327], [-282, 436], [-152, -631], [-153, 35], [59, 1639], [229, 719], [18, 428], [129, 479], [954, 6662], [27, 408], [-101, 597], [186, 1841], [125, 3], [-121, 251], [-54, 543], [140, 270], [200, -241], [73, 209], [-105, 386], [-161, 132], [-129, 909], [14, 733], [-230, 587], [167, 697], [-23, 460], [365, 882], [109, -1117], [278, -139], [279, 204], [328, 1286], [83, 1826], [209, 314], [-93, 914], [131, 2292], [-4, 6841], [301, 3031], [204, 917], [238, -890], [101, 714], [412, 431], [88, 577], [105, 159], [288, 2249], [244, 1114], [-207, 362], [-105, -188], [-526, -92], [-521, -738], [-161, 38], [-241, -824], [-280, -122], [-386, 672], [-619, 624], [5, 235], [-254, 121], [-121, 417], [-321, -416], [-84, 294], [255, 3291], [-69, 2377], [146, 384], [99, 1689], [569, 3061], [685, 1663], [365, -429], [25, 475], [277, 638], [331, 134], [-15, 464], [327, 1195], [377, 219], [72, 461], [381, 624], [-61, 265], [-155, -46], [-75, 270], [29, 438], [179, 296], [-66, 410], [-220, -95], [-102, 257], [-486, -1457], [-380, 217], [-134, 540], [-123, 77], [-336, -609], [-376, -76], [-530, -840], [-321, -242], [-212, 2102], [-284, 1543], [-103, 1174], [2, 925], [-200, 1357], [26, 672], [189, 481], [23, 468], [-276, 798], [-141, 1956], [63, 1218], [242, 1656], [187, 454], [646, -737], [513, 613], [515, -69], [-6, 495], [-156, -20], [-221, 695], [18, 1328], [210, 697], [484, 575], [-24, 417], [114, 481], [-156, 412], [-176, -231], [-136, -518], [-399, -7], [-226, -340], [-392, -1283], [-201, 51], [-213, 660], [-171, 147], [-363, 95], [-440, -242], [-243, 541], [-52, 575], [-280, 1247], [-200, 1585], [31, 1981], [-162, 77], [-192, 1235], [78, 1177], [-61, 790], [140, 776], [786, 769], [241, 606], [9, 402], [-711, -704], [-479, 726], [-110, 851], [-14, 1123], [21, 290], [153, 146], [-63, 417], [-162, 240], [-793, -803], [-96, -978], [-154, -350], [12, -247], [-208, -716], [-242, -324], [-302, 108], [-295, 371], [5, 283], [-255, 5], [-222, 309], [-412, -400], [-121, 262], [-98, 2322], [65, 313], [-207, 549], [69, 2022], [206, 949], [218, 556], [298, 388], [354, -217], [11, 560], [-935, 1293], [-582, 536], [-262, 506], [-95, -988], [-321, -164], [-64, -301], [-538, -852], [-278, 48], [-211, 1128], [-381, 1172], [-320, 1917], [-133, 1373], [-70, 2438], [39, 2801], [-203, 1329], [25, 365], [-167, 518], [-113, -912], [-108, -94], [-404, 1004], [245, -1547], [-261, 814], [-421, 2780], [-114, 1727], [-80, 289], [-31, 1187], [-263, 1398], [-95, 11], [-153, 2654], [-117, 310], [-38, 775], [-145, 864], [305, 430], [-398, 305], [-116, 577], [-63, -33], [-206, 678], [20, -296], [-78, -140], [1, 347], [-129, 231], [-3, 1086], [197, 1085], [194, 437], [93, -123], [701, 1569], [252, 2178]], [[43408, 657415], [-1, -62], [3, -127], [7, -70], [19, -87], [142, -281], [48, -168], [66, -313], [-21, -869], [74, -285], [199, -17], [41, 501], [14, 353], [88, 336], [147, 74], [377, -1038], [137, -412], [-8, -567], [-392, -453], [97, -2397], [406, 232], [132, -192], [319, -1137], [291, 93], [78, 897], [204, 326], [181, -416], [-31, -916], [171, -187], [-97, -745], [187, -163], [106, -728], [83, 184], [-28, 485], [352, -173], [154, 303], [35, -319], [-3, 331], [179, 145], [-68, 616], [314, 1004], [154, 84], [-28, 240], [143, -22], [23, 198], [148, 335], [163, 12], [63, -216], [98, 47], [-197, 1223], [187, 74], [35, 274], [103, -108], [-66, 383], [104, 211], [-6, 361], [146, 187], [-78, 504], [39, 334], [-65, -72], [-24, 250], [156, 91], [-45, 236], [75, 296], [90, -92], [57, 456], [32, -441], [85, 322], [175, -142], [93, 143], [-20, 456], [97, -385], [-36, 228], [87, 365], [-64, 166], [144, 158], [-38, 322], [130, -353], [232, 255], [225, -87], [13, 665], [144, 156], [73, -159], [-33, 583], [112, -145], [54, 168], [-65, 335], [137, 674], [-96, 63], [14, 401], [93, -104], [-11, 339], [76, 236], [-37, 641], [53, 28], [-25, 316], [67, 683], [177, -45], [98, 458], [169, 30], [129, 311], [77, 586], [185, -145], [52, 306], [98, 6], [49, 552], [99, 209], [-31, 586], [115, -10], [61, -355], [177, -15], [111, 253], [81, 1127], [94, -19], [15, 529], [14, 156], [130, 560], [144, 29], [86, 895], [227, 820], [41, 687], [113, 215], [-50, 396], [151, 84], [30, 270], [194, 214], [47, 290], [-83, 612], [168, 302], [-60, 147], [185, 704], [-96, 360], [68, 84], [30, 891], [47, -72], [23, 457], [128, 389], [160, -65], [177, 379], [36, -138], [95, 367], [146, 338], [67, 536], [58, -116], [33, 187], [93, -290], [33, 195], [168, -172], [177, 548], [427, 525], [52, 546], [126, 111], [-63, 220], [33, 494], [-113, 536], [93, 52], [26, 309], [18, 156], [20, 90], [-7, 74], [49, 155], [-76, 110], [51, 237], [-65, 189], [66, 75], [37, 1863], [85, 469], [-30, 70], [0, 254], [140, -53], [37, 468], [94, 144], [-220, 857], [160, 184], [69, -56], [465, 965], [397, 1], [173, -6], [-19, -177], [95, -182], [38, -208], [133, 397], [167, -84], [22, 246], [147, -74], [44, 186], [85, -121], [70, -13], [-13, -152], [123, -270], [297, 5], [-46, -436], [271, 919], [7, 635], [285, 67], [31, -390], [145, -212], [61, 369], [172, 31], [179, -580], [50, 211], [202, -144], [-13, 519], [80, 89], [133, -342], [100, 512], [137, -356], [71, 236], [-43, 213], [-57, 61], [234, 918], [515, 1264], [547, 1478], [752, 4167], [474, 4679], [274, 8743], [1075, 5994], [866, -1021], [801, 1383], [520, 2321], [-24, 761], [163, 244], [-131, 1613], [315, 1556], [-11, 459], [134, 620], [98, 5334], [-1020, 3260], [242, 2272], [855, 856], [231, 2436], [987, 922], [110, 5827], [493, 2930], [-87, 2732], [-834, 2205], [-724, 3259], [406, 1580], [1777, 625], [212, 385]], [[69180, 756765], [240, 60], [101, -738], [116, -81], [-12, -705], [538, -426], [90, -618], [-14, -599], [142, -813], [270, -629], [87, -781], [195, -516], [-36, -210], [93, -344], [180, -218], [141, 509], [491, 5], [204, 612], [56, -232], [107, 300], [159, 4], [91, -324], [-86, -310], [29, -516], [-87, -427], [215, -432], [-76, -206], [19, -498], [199, -138], [107, 406], [403, -534], [130, -460], [187, -132], [18, -303], [-137, -459], [66, -81], [-59, -294], [33, -589], [83, -71], [70, 366], [111, 14], [-47, -541], [226, -722], [112, 119], [192, -176], [65, -521], [-87, -509], [111, -336], [20, -486], [170, -409], [106, 3], [60, -711], [363, -460], [146, -581], [-9, -284], [254, -719], [48, -1171], [177, -236], [-11, -593], [157, -1294], [-54, -409], [234, -1187], [-80, -1058], [254, -2003], [-9, -721], [141, -206], [176, 249], [152, -146], [137, 247], [-21, 1198], [220, 176], [189, -206], [765, 1662], [80, 363], [-95, 385], [-5, 477], [260, 930], [205, -32], [651, 582], [113, -263], [259, 14], [184, 339], [-5, 295], [178, 117], [72, 867], [212, -119], [304, 326], [-3, 374], [172, 317], [22, 965], [187, 534], [-159, 824], [-39, 998], [738, 19], [146, 358], [308, 195], [135, 669], [112, 171], [93, -127], [135, 431], [-106, 716], [132, 688], [420, 569], [61, 930], [-131, 280], [-20, 355], [104, 1564], [-305, 2115], [74, 894], [-257, 732], [-68, 759], [267, 1702], [140, 199], [125, 556], [-58, 1480], [211, 1031], [49, 1106], [298, 377], [155, 674], [139, 210], [49, 440], [724, 646], [228, -674], [495, 285], [124, -1390], [101, -284], [220, -109], [205, 580], [169, 965], [242, 269], [369, -413], [210, -669], [126, 27], [119, 366], [223, -117], [0, 576], [132, 810], [-74, 915], [145, 533], [220, 160], [236, 805], [154, -393], [431, 269], [71, -222], [176, 397], [-67, 479], [177, 1179], [117, 203], [15, 708], [359, 529], [165, 802], [-68, 351], [116, 2230], [282, -502], [308, 179], [203, -257], [211, 238], [167, -101], [111, 517], [417, -381], [109, 272], [112, -54], [132, -674], [179, 4], [109, 277], [63, -304], [442, -20], [263, -471], [148, -15], [183, 829], [193, 179], [77, 393], [315, -428], [161, -471], [151, 8], [130, 362], [352, -479], [91, 541], [-29, 1553], [327, -303], [166, 342], [106, 639], [470, 891], [20, 444], [182, 377], [83, 643], [111, 58], [108, -510], [149, 90], [154, -319], [89, 533], [-48, 518], [100, 533], [336, 778], [208, 168], [155, 580], [698, 261], [253, -257], [754, 1055], [79, 673], [321, 631], [302, -604], [107, -1845], [400, -673], [25, -339], [533, 479], [347, -627], [24, -1611], [139, -775], [178, 39], [62, -475], [-75, -1121], [108, -576], [-33, -670], [444, -280], [407, -767], [139, -4], [89, 335], [489, 767], [266, -428], [-3, -514], [211, -783], [-167, -319], [-189, -946], [274, -1557], [-78, -891], [-146, -639], [81, -342], [38, -1192], [-84, -829], [9, -1537], [107, -63], [139, 429], [89, -144], [169, -919], [-173, -1020], [296, -880], [-53, -720], [162, -611], [95, -16], [193, -794], [337, 265], [146, -238], [154, -1946], [-144, -724], [171, -796], [-5, -644]], [[104481, 753000], [-40, -1305], [166, -2019], [-285, -1094], [170, -699], [78, -1161], [-52, -418], [170, -944], [-190, -572], [-114, -759], [-655, -1361], [-26, -372], [-299, -867], [-227, -1315], [-283, 46], [-88, -851], [77, -464], [-139, -2384], [67, -696], [263, -821], [-26, -634], [-288, -790], [-68, -557], [31, -1532], [-139, -310], [21, -294], [134, 16], [459, -975], [485, -248], [165, -1316], [139, 109], [253, -651], [0, -804], [-289, -620], [-5, -433], [-145, -604], [98, -418], [-20, -1130], [-299, -464], [-52, -1192], [108, -186], [-196, -913], [-278, -232], [10, -1068], [-108, -31], [26, -682], [-459, -1099], [562, -2306], [309, 789], [511, -248], [51, -665], [398, -449], [51, -542], [217, -16], [252, 1038], [939, 990], [98, -108], [21, -727], [165, -1069], [309, -402], [155, 1161], [345, 526], [217, -495], [160, -1254], [-5, -3654], [-320, -820], [-325, -1456], [88, -634], [155, -418], [-16, -3577], [206, -790], [11, -1130], [-313, -3318], [137, -383], [-36, -511], [201, -572], [-36, -542], [449, -1084], [-237, -1007], [-165, -263], [-62, -743], [-294, -1239], [-304, 124], [-403, -372], [-206, -836], [-402, -170], [-299, -542], [-145, -821], [-345, -387], [-364, 371], [-536, -15], [-57, -728], [-196, -511], [-253, -46], [5, 449], [-206, 727], [-201, 109], [-201, 526], [-52, 434], [-304, 542], [-372, -387], [-118, -434], [-222, 0], [-113, 341], [-207, 93], [-196, 960], [-237, 433], [-273, -542], [-263, 155], [-217, -325], [-67, -1022], [-227, -666], [0, -418], [-258, 16], [-149, -418], [-341, 232], [-309, -78], [-160, -294], [-103, -542], [67, -511], [-124, -1827], [-175, -1301], [201, -1131], [5, -449], [-150, -77], [-25, -387], [-238, -248], [-180, 557], [-103, -139], [-42, -542], [-154, -372], [-150, 140], [-77, -387], [-217, -264], [-46, -1161], [103, -604], [-114, -744], [-134, 248], [-232, -387], [-237, 124], [-129, 356], [72, 418], [-247, 713], [-78, -403], [-196, 186], [-103, -217], [62, -867], [-129, -1595], [191, -233], [-67, -1254], [-206, -790], [-454, -1007], [108, -418], [-5, -883], [208, -1488], [-351, -1641], [88, -620], [-258, -619], [51, -512], [-562, -759], [-196, -929], [93, -976], [-186, -495], [-191, 185], [37, -1254], [201, -682], [-423, -991], [-16, -1472], [258, -1611], [-113, -1007], [5, -635], [-320, -1828], [36, -1487], [305, -1843], [-470, -1441], [-175, -31], [-320, -573], [-186, -1875], [109, -511], [-42, -542], [-221, -1162], [82, -434], [-103, -697], [0, -635], [124, -620], [-696, -3161], [211, -619], [31, -450], [-170, -371], [-78, -946], [-144, -340], [-160, 232], [-129, -387], [-309, 31], [-454, -1596], [113, -1023], [-25, -496], [87, -310], [418, -650], [46, -698], [454, -371], [-5, -589], [165, -403], [36, -976], [-214, -676], [451, -2841], [28, -2374], [-198, -1114], [219, -1469], [-419, -1079], [-60, -840], [-409, 60], [-50, -840], [110, -509], [-80, -510], [409, -630], [40, -659], [-229, -180], [-360, 360], [-439, -1200], [-159, 390], [-250, -150], [-160, 390], [-209, 0], [20, -870], [130, -869], [-439, 60], [-120, -360], [50, -450], [-160, -839], [369, -1320], [220, -1619], [179, -450], [-129, -1349], [-160, -1080], [-170, -450], [-50, -809], [-439, -1920], [0, -1889], [-558, 120], [-210, -300], [-389, 0], [319, -1979], [-70, -810], [210, -659], [259, -2820], [-299, -1019], [-110, -720], [-399, -270], [-100, 810], [-209, 300], [-509, -1140], [-320, 90], [-149, 780], [-240, -360], [-120, -690], [30, -750], [-362, -625], [0, -1803], [120, -488], [247, -275], [148, -827], [269, -255], [98, -1166], [134, -573], [219, -42], [191, -1124], [42, -1909], [127, -742], [268, -64], [367, -827], [-353, -1018], [106, -1400]], [[88259, 579522], [-215, -2873], [126, -924], [-578, -1791], [-451, -2770], [343, -5702], [1011, -1846], [398, -3095], [-1355, -2770], [-18, -2661], [-1210, -5214], [975, -3042], [217, -2444], [470, -380], [993, 2173], [1192, -2173], [1301, -1141], [361, -2118], [-939, -4943], [1228, -4183], [181, -7007], [524, -2553], [36, -707], [-596, -1575], [-54, -1413], [578, -2227], [2149, -978], [145, -1521], [-723, -5650], [488, -1956], [18, -2500], [596, -2227], [867, 1304], [795, -2337], [488, -597], [72, -1468], [723, -2227], [36, -2011], [-759, -4836], [54, -3641], [542, -2391], [-108, -2174], [217, -1412], [72, -5978], [-54, -6087], [1300, -3261], [-162, -4838], [-361, -1576], [343, -1848], [18, -1739], [-307, -870], [72, -1468], [1030, -271], [764, -3183]], [[35633, 725653], [1198, -556], [239, 599], [57, 1154], [134, 121], [208, -886], [127, -67], [207, 820], [70, 6], [122, -301], [48, -764], [353, 219], [371, -560], [189, -334], [240, -1077], [733, -622], [312, 501], [64, 9], [149, -775], [101, 629], [356, 380], [123, -213], [54, -686], [108, -58], [79, 916], [82, 144], [371, -647], [214, 329], [251, -22], [211, -559], [344, 408], [147, -125], [178, -528], [37, 1274], [216, -261], [702, -11], [85, -219], [71, -960], [395, 200], [210, -317], [150, 102], [75, -119], [-27, -636], [-6, -309], [125, -446], [133, 821], [3, -2094], [-240, -27243], [716, -17523], [370, -5628], [279, -10868], [-364, -575], [-289, -94], [-1200, 971], [-372, 95], [-383, -301], [-20, -20], [-24, -45], [-83, -179], [-65, -231], [-79, -401], [-78, -589], [-2, -87]], [[43408, 657415], [-4377, -1685], [-221, 226], [-159, 456], [-348, 372], [-171, -69]], [[38132, 656715], [51, 726], [309, 1242], [291, 462], [-6, 313], [1064, 3419], [347, -477], [11, 214], [-235, 871], [-295, 594], [-30, 2452], [179, 2030], [154, 462], [230, 101], [-262, 931], [50, 552], [-179, 2782], [-468, 3655], [-294, 323], [-46, 302], [151, 369], [18, 392], [493, 1404], [1, 388], [-241, 2425], [-42, 944], [61, 187], [-131, 159], [-122, 787], [13, 307], [95, 159], [-298, -66], [-156, 862], [-9, 938], [113, 819], [21, 1291], [-36, 218], [-181, 121], [-379, 1333], [-173, 149], [-358, 1575], [-338, 496], [-101, 1123], [61, -358], [11, 336], [-328, 1450], [181, 361], [-170, -71], [-62, 294], [-136, -105], [-134, 1459], [117, -200], [-118, 301], [45, 62], [-55, 87], [-4, 586], [230, 1555], [-131, 247], [12, 1413], [336, -101], [111, 655], [261, 3388], [-62, 349], [77, 5], [55, 817], [-120, 5875], [-56, 1085], [-159, 702], [-82, 2200], [51, 683], [-88, 173], [-283, 2479], [-529, 3107], [-303, 1035], [-474, 518], [-112, 849], [87, 368]], [[33954, 684620], [291, 2374], [131, 158], [66, 752], [171, 313], [65, 477], [105, -40], [78, -951], [92, -80], [-41, -1702], [-150, -396], [-499, -582], [37, -1029], [-146, -691], [-102, 129], [-98, 1268]], [[27237, 709538], [92, 566], [442, 363], [71, -442], [-66, -387], [46, -218], [270, -144], [187, 357], [137, -788], [289, 54], [-68, -331], [25, -526], [168, -328], [201, -31], [-82, -109], [103, -104], [-16, 254], [335, 160], [287, 606], [231, -304], [132, 192], [67, -240], [351, 348], [894, 2663], [224, -133], [128, -477], [117, 119], [84, -262], [252, 170], [306, -576], [62, -1193], [708, 233], [11, -183], [139, 86], [27, -463], [254, 62], [25, -190], [327, -11], [50, -304], [253, -60], [45, -953], [-53, -751], [-66, -479], [-234, -607], [135, -768], [891, -2011], [259, -286], [374, -61], [226, -302], [39, -385], [38, 301], [19, -555], [-58, 206], [-119, -695], [64, -184], [-168, 35], [-179, -380], [27, -538], [-74, -67], [105, -179], [-35, -199], [-61, 39], [-124, -536], [-199, 459], [154, -519], [-440, -1219], [89, -296], [-82, -207], [-163, -113], [-80, 283], [-163, -1058], [19, -363], [103, -28], [-138, -1544], [47, -1329], [-99, -128], [52, -370], [-124, -593], [-139, -2527], [-159, -1391], [-127, -345], [-304, -1861], [-280, -3532], [-304, -994], [115, -145], [8, -804], [-237, -674], [-207, -1062], [-23, -579], [111, -491], [-82, -602], [-374, -68], [-112, 1142], [-209, 709], [-48, 538], [-390, 853], [-219, 318], [-142, -242], [-255, 16], [-38, -652], [-132, -220], [-34, 400], [-201, 475], [-58, 581], [-534, 668], [-249, -118], [23, -413], [-111, -577], [-300, 400], [-317, -156], [-148, -459], [-180, 28], [-281, 472], [-445, -162], [-158, -842], [-1, -1306], [-176, 357], [-65, 1268], [-111, 198], [-65, 476], [125, 1242], [191, 756], [27, 881], [-125, 724], [388, 640], [143, -9], [85, -401], [158, 632], [-60, 4261], [-569, 6813], [143, 1325], [-61, 874], [106, 1002], [23, 1533], [53, 221], [287, -67], [-305, 293], [-80, 2137], [-255, -42], [-316, 540], [197, 1148], [-155, 538], [319, 1459], [-130, 984], [20, 781], [-206, 211], [-135, 798]], [[789207, 670328], [-296, 1579], [-236, 322], [77, 697], [42, -382], [266, -378], [347, 33], [160, -388], [-46, -338], [102, -694], [368, -494], [-501, 368], [-283, -325]], [[798433, 680068], [156, 219], [370, -577], [317, -116], [-124, -490], [-102, 329], [-88, -273], [-13, 448], [-87, 88], [109, -765], [76, -31], [21, 260], [98, -341], [40, 334], [-104, -1108], [50, -580], [-472, 625], [-538, 47], [-28, 429], [319, 1502]], [[792256, 687858], [156, 500], [38, 607], [183, 855], [45, 374], [-84, 153], [439, 716], [175, 1155], [901, 2652], [165, 1022], [298, 632], [272, -105], [504, 977], [20, -609], [254, -735], [-70, -473], [-244, -77], [-210, -806], [-10, -788], [-148, -429], [-2, -2374], [280, -2598], [1, -372], [-70, -76], [88, -473], [34, -1041], [526, -2624], [87, -893], [123, -420], [-18, -421], [254, -814], [-364, -844], [-141, -1064], [-377, -696], [-445, 472], [-250, 671], [-16, 473], [95, 358], [-225, 294], [-73, -263], [27, -1072], [249, -1598], [-107, 138], [-62, -284], [122, -978], [380, -473], [6, -596], [-271, -1801], [-262, 1148], [-297, 190], [-186, 598], [103, 316], [-227, 608], [31, 266], [-184, 1812], [-126, 381], [-162, 8], [-72, 518], [-172, -282], [-111, 286], [-153, -73], [-211, -387], [-127, 246], [-153, -105], [-694, -2595], [-177, 186], [-309, -585], [133, -367], [-138, -109], [-30, -356], [-167, -369], [-177, -328], [-403, 425], [3, 745], [271, 1302], [213, 609], [39, 778], [239, 1121], [-15, 1830], [102, 986], [223, 1346], [336, 1288], [-71, 71], [84, 251], [49, 846], [263, 1143]]]}